域,宗门名称,规模,位置,主要人物,已有人设角色,简介,理念,是否有主线剧情,主线剧情简介
中原,问道仙宗,大宗,凡界-中原-万木悟道古林-问道山,李道玄(男·化神后期·宗主) / 洛雪铃(女·金丹后期·圣女) / 林素水(女·元婴后期·长老团(各主一峰)·万法峰) / 熊开山(男·元婴后期·长老团(各主一峰)·孤松峰) / 陆乘风(男·元婴后期·长老团(各主一峰)·说剑峰) / 柳青芜(女·元婴中期·长老团(各主一峰)·翠珏峰) / 何虚静(女·元婴中期·长老团(各主一峰)·玄衍峰) / 谢聆语(女·元婴初期·长老团(各主一峰)·交心峰) / 欧长石(男·元婴初期·长老团(各主一峰)·神锻峰),洛雪铃 / 林素水 / 柳青芜 / 何虚静 / 谢聆语 / 谢素卿,"兼容诸道之宗,万法可修、各有所成","道法玄机,兼收并蓄;入世护民、共御天魔",FALSE,
中原,萝武门,大宗,凡界-中原-灼华山,苏绮绮(玉锻仙子)(女·化神中期·掌门) / 谢小磬(女·元婴后期·锻骨脉) / 黎甘棠(女·元婴中期·养元脉) / 白蕊弦(女·元婴初期·战技脉),苏绮绮 / 谢小磬 / 黎甘棠 / 白蕊弦 / 阿团 / 程萤萤,"锻体(体修)宗门,居灼华山;承""力破万法、肉身成圣""之路,然秘法专为女子柔躯所创","力破万法,肉身成圣",FALSE,
中原,星蚀宗,大宗,凡界-中原-七曜连峰-璇玑台,卜玄机(噬星魔尊)(男·化神后期·宗主) / 窥微(女·化神初期·邃瞳长老(瞳术窥心)) / 蚀光(女·元婴后期·噬星长老(域外术法)) / 妩烟(女·元婴中期·媚欲长老(勾欲奴心)),窥微 / 蚀光 / 妩烟,"前身为凡界占星术第一之宗【璇玑阁】(玄盟成员),据七曜连峰、跨北斗七峰而立,于璇玑观星台夜夜观象、为天下推演天机",,FALSE,
中原,北辰学宫,小宗,凡界-中原-胜天城,阮卿颜(女·元婴后期·宫主),阮卿颜 / 阮琢玉,乾元圣朝所立、招纳凡民及散修之最高学府;修仙规模化、降入门之槛,,FALSE,
中原,镇魔司,小宗,"凡界-中原-胜天城,并于各地设分司",郑守方(男·元婴后期·总管) / 李磐钟(男·元婴后期·典狱长) / 莫愧言(女·金丹后期·文书),莫愧言 / 段无颜,乾元圣朝护律法、镇邪魔之武力,,FALSE,
东土,天衍楼,大宗,凡界-东土-临渊城,易方圆(男·化神后期·楼主) / 凌绘萱(女·元婴后期·神符司·司主) / 许云妙(女·元婴中期·万阵司·司主) / 百晓生(男·元婴初期·明世司·司主),凌绘萱 / 许云妙,"以阵法、符箓、卜算之术闻于世,定期举办""天衍大比""以扬其名","洞察天机,推演万法",FALSE,
东土,合欢宗,大宗,凡界-东土-临渊城,沈沐漪(女·化神中期·宗主) / 蝶恋花(女·化神初期·幻情长老(神魂双修·极乐幻境)) / 苏金手(男·化神初期·肉欲长老(体术·性爱技巧)) / 慕怜心(女·元婴中期·圣女),沈沐漪 / 蝶恋花 / 慕怜心 / 宋蝉衣,"不属正魔之宗门,坚信阴阳交合、七情六欲乃通大道之根本,男女弟子兼有","极乐红尘,交融即道",FALSE,
东土,琉璃丹宗,大宗,凡界-东土-流芳岛,岐青黛(青囊圣手)(女·化神后期·宗主) / 桐绛雪(女·化神初期·丹堂(丹药研发炼制)·长老) / 俞采苓(女·元婴中期·药堂(灵药培育·低阶丹量产)·长老) / 林蘅芷(蚀心紫蘅化形·女·元婴后期·毒堂(毒药毒丹及解药)·长老) / 古思辨(男·元婴初期·经堂(古籍丹方·丹道理论)·长老),岐青黛 / 桐绛雪 / 林蘅芷 / 俞采苓 / 卓青砚,"专精炼丹之宗门;神陆最大之丹药供应商,无数修士赖以为生,凡间有""药王岛""之美誉","以药济世,以丹证道",FALSE,
东土,蓬莱仙宗,大宗,凡界-东土-蓬莱三仙岛,沧溟真人(男·化神后期·掌教) / 云鹤子(男·化神中期·蓬莱峰主(剑道)) / 静玄真人(女·化神初期·方丈峰主(丹符)) / 沧岚真人(女·化神中期·瀛洲峰主(阵道)),沧岚真人 / 静玄真人 / 顾月华,"隐世于蓬莱三仙岛之上古仙宗,清修问道、御剑参玄;东土修真之天花板","超然物外,守一问玄",FALSE,
东土,广寒宫,大宗,凡界-东土-霜花岛,慕璇玑(广寒仙子)(女·化神后期·宫主) / 苏沐月(女·化神初期·太阴长老(月修)) / 凌寒霜(女·元婴后期·冰霜长老(冰雪战修)) / 月怜(女·元婴中期·月华长老(神魂·疗愈)) / 白霜儿(女·元婴初期·圣女),慕璇玑 / 苏沐月 / 凌寒霜 / 月怜 / 白霜儿 / 白鹿汀,"隐于霜花岛之全女宗门,主修冰霜、太阴、月华,功法专养、增强女子""元阴""之力","守贞问月,从一而终",FALSE,
北境,聆风斋,大宗,凡界-北境-南风锦绣-锦绣城,"白羽弦(女·化神中期·斋主) / 林幽笛(女·元婴后期·幻音律(以笛音织就幻境,扰人神魂)) / 钟鼓憾(男·元婴中期·震音律(以鼓声雷音御敌,气势磅礴))",白羽弦 / 林幽笛 / 顾流商,"专精音律之道,以音入道、以乐载法;天下风雅修士之圣地","音通天地,律和人心",FALSE,
北境,千机门,大宗,凡界-北境-不周残脊东麓-千机峰,公输冶(男·化神中期·门主) / 墨长庚(男·元婴后期·神机阁(钻研图纸)) / 鲁千工(男·元婴中期·造物阁(批量制造)) / 诸葛巧(女·元婴初期·外务阁(法宝外销)),诸葛巧 / 公输霁,以机关术、炼器术闻于世,"格物致知,巧夺天工",FALSE,
北境,血莲密教,大宗,凡界-北境-不周残脊西侧-千骨陉,大悲·罗喉(男·化神后期·血莲法王) / 屠尸·达赞(男·元婴后期·血供金刚(主祭祀仪轨与活人血祭)) / 千骨·南木(男·元婴后期·骨炼金刚(主以人骨炼制魔器)) / 莲华·罗刹母(女·元婴中期·双修金刚(主邪门双修法门)) / 噬心·朗夜(男·元婴中期·蛊心金刚(主精神蛊术)),莲华·罗刹母,"不周残脊深处之邪门密教魔宗,以人祭血供为根本修法","以众生为血祭,自渡苦海",FALSE,
北境,烬阳城,城宗,凡界-北境-黑曜火渊-火渊东壁,程铁衣(烬阳真人)(男·化神前期·城主),颜晚晚,悬建于黑曜火渊东壁阶梯之上的修仙城,,FALSE,
北境,冻骨观,小宗,凡界-北境-永霜松涛-孤坟岭深处,沈夜归(阴照真人)(男·金丹后期·观主),,"永霜松涛深处之鬼修小宗,依孤坟岭尸气而立",,FALSE,
北境,盐镜社,小宗,凡界-北境-千镜盐泽-镜寒丘,镜寒空(女·金丹中期·社主),镜寒空,"千镜盐泽中央'镜寒丘'之倒影幻术秘社,与七姓盐家镜氏有秘密联系",,FALSE,
南疆,湘灵阁,大宗,凡界-南疆-云梦泽-郢城九歌殿,湘九灵(女·化神后期·阁主) / 湘洛凝(女·元婴前期·九歌长老) / 湘泠玉(女·元婴中期·巫祝长老) / 湘望川(男·元婴中期·通灵长老),湘九灵 / 湘洛凝 / 湘泠玉,"上古""巫族""之失落血裔所立大宗,以巫骨承祖,以九歌通神;楚天王朝宗主","通灵问祖,巫骨承道",FALSE,
南疆,幽冥府,大宗,凡界-南疆-永恒谷-通幽阁,通幽(男·化神中期·府主) / 无常君(男·化神初期·咒死殿长老) / 百骨道人(男·元婴后期·炼尸殿长老) / 鬼母(女·元婴后期·拘魂殿长老),鬼母,"专注摄取、转化并驾驭""死气"",精于炼制与驱使各种""尸傀"";大祀王朝宗主","死为归处,亦是永恒",FALSE,
南疆,五毒教,大宗,凡界-南疆-雨瘴林-神木殿,田殊兰(女·化神中期·教主) / 蓝幽月(女·金丹后期·圣女) / 吴公长老(男·元婴后期·天蜈部) / 佘青丝(女·元婴中期·灵蛇部) / 蝎万里(男·元婴中期·魔蝎部) / 詹金蟾(女·元婴初期·圣蟾部) / 毕幽影(男·元婴初期·鬼虎部),田殊兰 / 蓝幽月 / 佘青丝 / 詹金蟾,"精通淬毒炼蛊,驾驭世间万毒之大宗","毒亦是道,与毒共生",FALSE,
南疆,千形宗,大宗,凡界-南疆-翠玉丘-造物殿,"侯衍(男·化神中期·宗主) / 萧无骨(女·元婴后期·育殿长老(主""捕、配、育"")) / 柳青鸾(女·元婴后期·改殿长老(主""灌、植、改造"")) / 公输绫(女·元婴中期·造殿长老(主""量产、运销、武装""))",萧无骨 / 柳青鸾 / 公输绫,繁育畸变魔兽、活体改造之大宗,"万灵皆可塑,万形皆可造",FALSE,
南疆,万妖盟,盟宗,凡界-南疆-十万大山,龙归芸(女·化神后期·潜龙族·族长) / 凰韶音(女·化神后期·落凤族·族长) / 苏晴韵(女·化神后期·青丘狐族·族长) / 龟仙人(男·化神后期·洛水龟族·族长) / 金兑庚(男·化神中期·覆山虎族·族长) / 夜天豪(男·化神中期·啸夜狼族·族长) / 袁六通(男·化神初期·混世猴族·族长),龙归芸 / 龙璇玑 / 凰韶音 / 凤长歌 / 凰千羽 / 苏晴韵 / 苏凝香,"由南疆十万大山中诸多妖族为延续传承所结之联盟,由各族共治","守护血脉,延续传承",FALSE,
西域,承天道门,大宗,凡界-西域-青龙玉野-承天岳主峰,玄阳子(玄玑真人)(男·化神后期·掌教真人(承天道祖位)) / 陆景元(紫虚真人)(男·元婴后期·监院) / 苏明霖(紫极真人)(女·元婴后期·高功) / 王守拙(清苍真人)(男·元婴后期·都讲),,"承天岳上古道门,清静无为,守一抱朴","道法自然,清静无为,承天守一",FALSE,
西域,天玄剑宗,大宗,凡界-西域-无垠雪山-中部主峰,莫决云(男·化神后期·宗主) / 韩映雪(女·元婴中期·飞雪剑脉脉主),墨诗行 / 白秋禾 / 韩映雪,"剑修圣地,人剑合一,心诚剑明;弟子常下山斩妖除魔,扶危济困","人剑合一,心诚剑明",FALSE,
西域,玉女宗,大宗,凡界-西域-无垠雪山-雪山北麓,陆霜岚(女·化神后期·宗主) / 清心(女·元婴后期·戒律长老) / 姜行露(女·金丹初期·圣女),陆霜岚 / 清心 / 姜行露 / 顾溪寒,"全女宗门,门人皆为女子;以太上忘情为道,极致冷静与理性,与天玄剑宗同列仙盟","太上忘情,心如止水;立于更高维度审视七情六欲并终勘破之",FALSE,
西域,菩提禅宗,大宗,凡界-西域-菩提雪山-祖庭峰,释明心(空相禅师)(男·化神后期·方丈) / 释慧能(般若禅师)(男·元婴后期·参禅院首座) / 释守一(空山禅师)(男·元婴后期·禅武院首座) / 释清远(心斋禅师)(男·元婴中期·戒律院首座) / 释知归(鸿渐禅师)(男·元婴中期·译经堂主),,"佛门首宗,禅武双修","明心见性,顿悟成佛;禅武不二,以武入禅、以禅证武",FALSE,
西域,拜火坛,大宗,凡界-西域-柔风海湾-圣火塔,萨珊(男·化神后期·大祭司) / 阿尔达(男·元婴后期·真理长老) / 库斯罗(男·元婴后期·神威长老) / 巴赫曼(男·元婴中期·善思长老) / 阿娜希塔(女·元婴中期·虔敬长老) / 法蒂玛(女·金丹后期·完整长老) / 帕尔斯(男·金丹后期·不朽长老),阿娜希塔 / 法蒂玛 / 米塔拉,"古祆教大宗,圣火不灭千年;扶持赤焰拜日国为凡人附属国",善思·善言·善行(三善之道);圣火不灭真理不绝,FALSE,
西域,青鸟门,小宗,凡界-西域-昆仑神墟-三青鸟亭,沈青慈(瑶华真君)(女·元婴后期·门主) / 苏朱凝(玄羽真人)(女·元婴初期·大鵹使) / 林玄青(朱羽真人)(女·金丹中期·少鵹使),沈青慈 / 苏朱凝 / 林玄青,"昆仑神墟瑶池畔之隐世女门;以三青鸟为信使,驭百灵兽,门人皆女子","通灵驭兽,与万灵同息;以山海异兽为伴侣,不近凡尘是非",FALSE,
星坠大陆,曜天神宫,大宗,灵界-星坠大陆-神裔圣原,姬照微（女·大乘初期·宫主） / 姬明夷（女·返虚初期·继承候选） / 姜无咎（男·合体初期·百氏祖庭守谱人） / 姬含章（女·合体中期·神契长老） / 姬月衡（女·化神后期·照魂师） / 姜执素（男·返虚初期·内宫执律使）,姬照微 / 姬明夷 / 姜无咎 / 姬含章 / 姬月衡 / 姜执素,神族最古老的传承宗门，负责保存祖谱、神格残篇与神识秘法，也是神裔圣原的精神权威。,照见本心，承续神性。,FALSE,尚未制作独立主线事件；蓝图中的冲突与人物故事仅作创作参考。
星坠大陆,万象学宫,大宗,灵界-星坠大陆-天陨环域-曜京,墨观澜（男·大乘初期·山长） / 温砚秋（女·返虚中期·历史院首座） / 叶疏星（女·化神后期·阵法院研究师） / 许问渠（男·化神中期·飞升者客院掌院）,墨观澜 / 温砚秋 / 叶疏星 / 许问渠,人族主导、兼收各族的综合修仙学宫，研究天地规律、历史、阵法、医术与百工，不以机关术作为唯一方向。,万象皆可察，万法皆可证。,FALSE,尚未制作独立主线事件；蓝图中的冲突与人物故事仅作创作参考。
星坠大陆,璇玑天工宗,大宗,灵界-星坠大陆-万机原-玲珑城,公输朱弦（女·合体中期·宗主） / 尺九（女·返虚初期·器灵仲裁） / 鲁丹枢（女·返虚中期·机傀院首座） / 韩漱金（女·化神后期·炉院首席） / 祁木迟（女·化神中期·营造院首座）,公输朱弦 / 尺九 / 鲁丹枢 / 韩漱金 / 祁木迟,以炼器、阵法和傀儡术闻名的生产宗门，擅长将成熟技艺转化为可批量制造的实用器具。,器以载道，巧夺天工。,FALSE,尚未制作独立主线事件；蓝图中的冲突与人物故事仅作创作参考。
星坠大陆,青岚回春谷,中宗,灵界-星坠大陆-青岚山域,容春岫（女·合体初期·谷主） / 青瓷（女·化神中期·育药、采药使） / 白芷湄（女·返虚中期·医堂首座） / 桑柔（女·化神后期·育灵堂掌事） / 程苦参（男·化神中期·巡山使统领）,容春岫 / 青瓷 / 白芷湄 / 桑柔 / 程苦参,隐于青岚山域的医修宗门，以灵药培育、经脉治疗与神魂调养见长。,顺时养生，济人亦济己。,FALSE,尚未制作独立主线事件；蓝图中的冲突与人物故事仅作创作参考。
星坠大陆,镜心乐府,中宗,灵界-星坠大陆-烟水云泽-镜花城,姬流月（女·返虚后期·府主） / 柳弄晴（女·化神初期·幻戏演员） / 商清商（女·返虚初期·十二艺监之首） / 薄绯（女·化神后期·舞监） / 顾弦歌（女·化神中期·乐器师）,姬流月 / 商清商 / 薄绯 / 顾弦歌 / 柳弄晴,以丝竹、舞蹈、绘画和幻术修行见长的宗门，将神识幻境用于艺术、疗愈与记录，而非单纯惑敌。,照心成境，以情入道。,FALSE,尚未制作独立主线事件；蓝图中的冲突与人物故事仅作创作参考。
星坠大陆,观潮舟宗,中宗,灵界-星坠大陆-南溟海门-天槎港,闻潮生（男·合体初期·宗主） / 祝归帆（女·返虚中期·搜救堂主） / 鱼晚晴（女·化神后期·航图院首席） / 罗定波（男·化神中期·船坞院首座）,闻潮生 / 祝归帆 / 鱼晚晴 / 罗定波,驻守南溟海门的航海宗门，培养飞舟驾驭者、虚海向导与远航护卫。,识潮定向，渡人渡己。,FALSE,尚未制作独立主线事件；蓝图中的冲突与人物故事仅作创作参考。
圣银大陆,十二柱神庭,大宗,灵界-圣银大陆-天冠圣山-十二柱祖庭。,曜衡昭华（女·大乘初期·十二柱神庭大祭正、曜衡氏当代主祭、银誓同盟柱议院首席召集者。） / 暮碑玄祷（女·返虚后期·十二柱神庭誓典院首座、暮碑氏灾难名录守护者。） / 丰穗弥音（女·化神初期·十二柱神庭祖谱院校勘使、丰穗氏旁系出身。） / 月狩霁弓（女·化神中期·十二柱神庭外契使、月狩氏与妖族猎团联络者。） / 墨刻十二（女·返虚初期·十二柱祖庭古契碑灵、神庭与明辩学宫共同档案顾问。）,曜衡昭华 / 丰穗弥音 / 暮碑玄祷 / 月狩霁弓 / 墨刻十二,由十二个古老柱氏族共同维持的神族传承宗门，保存祖谱、神纹、盟约原本和高阶神识秘法，也是天冠圣山最重要的护持力量。,承神性而守众誓，知血脉亦知责任。,FALSE,尚未制作独立主线事件；蓝图中的冲突与人物故事仅作创作参考。
圣银大陆,明辩学宫,大宗,灵界-圣银大陆-白垣台原-柱环城。,沈清辩（女·大乘初期·明辩学宫山长、银誓同盟护约席资深见证者。） / 唐问璧（女·返虚中期·明辩学宫法理院首座。） / 澄墨（女·化神后期·一池古墨化形者、明辩学宫历史院记录师。） / 陆砚白（男·筑基后期·明辩学宫外院讲师、公共法律援助书记。）,沈清辩 / 陆砚白 / 唐问璧 / 澄墨,面向各族开放的综合学宫，以法理、历史、阵法、医术、外交和公共辩论见长，负责培养城邦官吏、书记、阵师与调停者。,言可辩，事须证，法为众人之约。,FALSE,尚未制作独立主线事件；蓝图中的冲突与人物故事仅作创作参考。
圣银大陆,银盾战庭,大宗,主庭位于白垣台原东部，在苍角牧原和琴浪内海设巡界与海盾分庭。,守垣铁心（女·合体后期·银盾战庭庭主、守垣氏守境者。） / 沧帆澜珀（女·合体初期·银盾战庭海盾司统领、沧帆氏远航守誓者。） / 秦列霜（女·返虚后期·银盾战庭阵列院首座。） / 苍鸢（女·化神中期·银盾战庭救灾使、空中搜救队领队。）,守垣铁心 / 沧帆澜珀 / 秦列霜 / 苍鸢,以护体、枪盾合击、大型防御阵和灾害救援著称的守护宗门，负责大陆主干道、断柱海门及跨邦高阶安全。,盾立众人之前，荣誉来自守护而非征服。,FALSE,尚未制作独立主线事件；蓝图中的冲突与人物故事仅作创作参考。
圣银大陆,月桂医谕院,中宗,灵界-圣银大陆-月桂谕谷-月桂城。,清泉知微（女·合体初期·月桂医谕院院主、清泉氏谕象学代表。） / 叶听露（女·化神初期·月桂医谕院静梦医师、神识创伤治疗者。） / 泉生白芷（女·化神后期·月桂医谕院百草院育药使。） / 姜梦禾（女·元婴后期·月桂医谕院外诊医师、公共浴场巡诊负责人。） / 乌沉（男·化神中期·月桂医谕院长期病案保管人、灾难死者名录校勘者。）,清泉知微 / 叶听露 / 乌沉 / 泉生白芷 / 姜梦禾,扎根月桂谕谷的医修宗门，将泉水异象、梦境观察和灵植药理用于诊断与疗愈，同时训练能够公开说明不确定性的谕师。,见可能而不妄断，疗其身亦护其心。,FALSE,尚未制作独立主线事件；蓝图中的冲突与人物故事仅作创作参考。
圣银大陆,赤陶百工宗,中宗,灵界-圣银大陆-赤陶火岭-赤陶城。,赫炉丹弦（女·合体中期·赤陶百工宗宗主、赫炉氏工艺传承者。） / 公输赤霞（女·返虚中期·赤陶百工宗营造院首座。） / 尺陶（女·化神中期·测量陶尺器灵、赤陶百工宗器灵仲裁。） / 红釉（女·返虚初期·千窑坡古窑器灵、赤陶百工宗地火沟通者。）,赫炉丹弦 / 红釉 / 公输赤霞 / 尺陶,以陶器、铸像、玻璃、赤铜器、公共阵基和日用法器闻名的生产宗门，强调作品署名、使用安全和器灵自主。,手作留名，器成有责，有灵则当相约。,FALSE,尚未制作独立主线事件；蓝图中的冲突与人物故事仅作创作参考。
圣银大陆,九艺诗院,中宗,主院位于白垣台原百阶剧场，在琴浪群岛和苍角牧原设巡演分院。,姬回雪（女·返虚后期·九艺诗院院主、九弦氏旁系出身。） / 钟新月（女·元婴后期·九艺诗院剧艺监、百阶剧场常驻导演。） / 狐遥歌（女·化神初期·九艺诗院巡演团首席说唱诗人、异族口述史收集者。）,姬回雪 / 钟新月 / 狐遥歌,以诗歌、戏剧、音乐、舞蹈、雕刻、绘画和公共幻术修行的艺术宗门，通过演出保存历史、讨论制度并治疗群体创伤。,以艺记事，以戏照心，荣誉不应只属于胜者。,FALSE,尚未制作独立主线事件；蓝图中的冲突与人物故事仅作创作参考。
灵境大陆,百卉仙宫,大宗,灵界-灵境大陆-百花深林，沿千种圃与数处独立山谷分布，不以单一巨树支撑全大陆。,花照年（女·大乘前期·百卉仙宫宫主，常驻百花深林。） / 阮青畦（女·返虚中期·百卉仙宫传种堂掌事，往来芳洲与千种圃。） / 叶绡（女·化神中期·千种圃候园司记录员。）,花照年 / 阮青畦 / 叶绡,保存草木灵古老道统，主张“因其性而养，循其时而成”。宫中既有守旧古园，也有试种新圃。,保存草木灵古老道统，主张“因其性而养，循其时而成”。宫中既有守旧古园，也有试种新圃。,FALSE,尚未制作独立主线事件；蓝图中的冲突与人物故事仅作创作参考。
灵境大陆,衡岳石庭,大宗,灵界-灵境大陆-白璧山原-璧泉城外的稳固岩台与地下石庭。,石含璋（女·大乘前期·衡岳石庭庭主。） / 纪砚微（女·返虚前期·衡岳石庭石契院校勘师。） / 裴岩生（男·化神后期·衡岳石庭勘脉院实地勘测师。）,石含璋 / 纪砚微 / 裴岩生,由金石灵道统与历代勘脉师共同发展，主张“识其根，承其重”。,由金石灵道统与历代勘脉师共同发展，主张“识其根，承其重”。,FALSE,尚未制作独立主线事件；蓝图中的冲突与人物故事仅作创作参考。
灵境大陆,四时观,大宗,灵界-灵境大陆-叠翠千山-分泉岭，山下至芳洲设观察站。,谢晴岚（女·合体后期·四时观观主。） / 温霁（女·返虚中期·四时观地水司主事。） / 许知禾（女·化神前期·四时观问农馆巡候弟子。）,谢晴岚 / 温霁 / 许知禾,多族共同研究自然物候与局部调候，主张“知其变，量其宜”。,多族共同研究自然物候与局部调候，主张“知其变，量其宜”。,FALSE,尚未制作独立主线事件；蓝图中的冲突与人物故事仅作创作参考。
灵境大陆,素问山,中宗,灵界-灵境大陆-叠翠千山，分诊处设于芳津、霞陶与晴酿。,白蘅君（女·合体中期·素问山山主。） / 丹初素（女·返虚前期·素问山丹灵温养房主事。） / 江停药（男·化神中期·素问山行医队领队。）,白蘅君 / 丹初素 / 江停药,治疗血肉伤病、灵族本源损伤及物化生灵失养，主张“先识其身，再论其病”。,治疗血肉伤病、灵族本源损伤及物化生灵失养，主张“先识其身，再论其病”。,FALSE,尚未制作独立主线事件；蓝图中的冲突与人物故事仅作创作参考。
灵境大陆,绛霞窑宗,中宗,灵界-灵境大陆-栖霞丹壑-霞陶城外围安全地火区。,陶绛雪（女·合体中期·绛霞窑宗宗主。） / 炉心红（女·返虚后期·绛霞窑宗养炉堂首席。） / 青榫（女·化神前期·绛霞窑宗修器堂弟子。）,陶绛雪 / 炉心红 / 青榫,窑火传承、炼器与器灵修补并行，主张“成器有法，养器有情”。,窑火传承、炼器与器灵修补并行，主张“成器有法，养器有情”。,FALSE,尚未制作独立主线事件；蓝图中的冲突与人物故事仅作创作参考。
灵境大陆,听潮水府,中宗,总府在灵界-灵境大陆-镜泊烟汀-照汀城外，听潮海阶设驻港堂。,沈听澜（女·合体中期·听潮水府府主。） / 陆归舷（男·返虚中期·听潮水府搜救堂主、驻港轮值负责人。） / 定星罗（女·化神后期·听潮水府测航堂领航师。）,沈听澜 / 陆归舷 / 定星罗,从湖泊治水发展为兼顾河运、港口和虚海护航的宗门，主张“识水势，守归程”。,从湖泊治水发展为兼顾河运、港口和虚海护航的宗门，主张“识水势，守归程”。,FALSE,尚未制作独立主线事件；蓝图中的冲突与人物故事仅作创作参考。
灵境大陆,养真院,公共修行机构,灵界-灵境大陆-芳洲沃野-芳津城郊，设普通教室、日照庭、浅水院和器身安置室。,闻书蘅（女·返虚前期·养真院院正，常驻芳津城郊。）,闻书蘅,帮助初生灵族、新近觉醒的物化生灵理解语言、日常交往、灵石、契约与基础修行；也接待需要适应本地生活的外来生灵。,帮助初生灵族、新近觉醒的物化生灵理解语言、日常交往、灵石、契约与基础修行；也接待需要适应本地生活的外来生灵。,FALSE,尚未制作独立主线事件；蓝图中的冲突与人物故事仅作创作参考。
万兽大陆,镇岳山盟,大宗,主议山院设于百川沃野北缘镇岳岭，北山院位于霜牙高原，西南有护路驻所。,岳沉岚（女·合体后期·轮值山主，驻百川沃野镇岳岭。） / 熊绥冬（女·返虚后期·北山院主，驻霜牙高原。） / 狼砚行（男·化神后期·护路院巡行师，往来赤砾与镇岳岭。） / 岳眠山（女·大乘初期·镇岳山盟前代守山长老，长居霜牙高原僻谷，无凡国职位。）,岳沉岚 / 熊绥冬 / 狼砚行 / 岳眠山,虎、豹、熊、狼等山居妖族联合，兼收适合山地修行的其他弟子，各支祖地独立。,守山各有界，逢难共担山。,FALSE,尚未制作独立主线事件；蓝图中的冲突与人物故事仅作创作参考。
万兽大陆,千翎崖,大宗,丹霞千窟高崖，紧邻丹翎城上层风道。,隼凌秋（女·合体中期·崖主，驻丹霞千窟千翎崖。） / 鸮听更（女·返虚中期·夜巡院首座，驻丹翎城上层。） / 鸦拾音（男·化神中期·风候院记事师，驻赤壁画廊附近。）,隼凌秋 / 鸮听更 / 鸦拾音,鹰隼、鸮鸦、鹤雁等羽族各有传承，另接纳能参与航图、阵法和地面协作的无翼弟子。,各循其翼，共守归途。,FALSE,尚未制作独立主线事件；蓝图中的冲突与人物故事仅作创作参考。
万兽大陆,九曲丘,中宗,青萝叠嶂九曲丘，祖地与萝阴城的世俗官署分离。,涂山绾（女·合体初期·丘主，驻青萝叠嶂九曲丘。） / 貂素问（女·返虚初期·访谱堂主持，驻九曲丘。） / 狐南枝（女·化神初期·客院接引弟子，驻问归桥。）,涂山绾 / 貂素问 / 狐南枝,多支狐族构成修行主体，貂、兔、獾及其他山居妖修可受邀拜师；不自称天下狐族唯一祖庭。,知来处，择归处。,FALSE,尚未制作独立主线事件；蓝图中的冲突与人物故事仅作创作参考。
万兽大陆,回芳谷,中宗,青萝叠嶂温湿药谷，下设山城诊所和各地游医驻点。,鹿蘅芜（女·合体初期·谷主，驻青萝叠嶂回芳谷。） / 蛇青缬（女·返虚中期·经脉比较院主事，驻温脉泉。） / 猿抱朴（男·化神后期·培育堂药圃师，驻分药圃。）,鹿蘅芜 / 蛇青缬 / 猿抱朴,鹿、猿、蛇、蟾及其他熟悉药材与不同生理的妖修共同形成；族群只是经验来源，不垄断某种医疗知识。,先辨其身，再论其药。,FALSE,尚未制作独立主线事件；蓝图中的冲突与人物故事仅作创作参考。
万兽大陆,经纬宫,中宗,绮罗烟谷、绮罗城上游丝楼群。,桑缃衣（女·合体初期·宫主，驻绮罗烟谷经纬宫。） / 蛛络雪（女·返虚后期·织阵院首座，驻千梭楼。） / 蛾烟迟（女·化神初期·染衣院弟子，驻绮罗城雨廊。）,桑缃衣 / 蛛络雪 / 蛾烟迟,蚕族的育丝与蛛族的张网传承结合，兼有蛾、蝶等弟子；以工艺师承联结不同家族。,一丝有来处，千缕各成章。,FALSE,尚未制作独立主线事件；蓝图中的冲突与人物故事仅作创作参考。
万兽大陆,百工巢,中宗,主巢在绮罗烟谷西北丘地，通壤城设地脉工院；二者经地面货路连接，非一条贯穿全大陆的空洞。,蜂采微（女·合体初期·轮值巢主，驻绮罗烟谷百工巢。） / 蚁工衡（男·返虚中期·地脉工院首座，驻通壤城。） / 甲映铜（女·化神中期·营造院器具师，驻主巢。）,蜂采微 / 蚁工衡 / 甲映铜,蜂、蚁及部分甲虫妖修创建，接纳鼠、獾、穿山甲等地穴工匠；群居组织与个人师承并存。,各尽其巧，共有栖身。,FALSE,尚未制作独立主线事件；蓝图中的冲突与人物故事仅作创作参考。
万兽大陆,伏蜇洞,中宗,赤砾长原地下温湿洞带，外务药市设在盐泉城边缘。,蝎照砂（女·合体中期·洞主，驻赤砾长原伏蜇洞。） / 蜈绛缕（女·返虚初期·洞候院主持，驻温湿洞带。） / 蛇既白（男·化神中期·护商毒伤队医修，驻冷灯药市。）,蝎照砂 / 蜈绛缕 / 蛇既白,多种毒性生物来源的妖修组成，洞内按温湿、药性分区；不要求所有成员具备同一种毒性。,识毒方能用毒，知身方能养身。,FALSE,尚未制作独立主线事件；蓝图中的冲突与人物故事仅作创作参考。
万兽大陆,回澜府,大宗,镜汀泽国主湖深处，岸上设接待水阁。,鲤闻漪（女·合体后期·府主，驻镜汀泽国回澜府。） / 龟玄砚（男·返虚后期·治水院长老，驻分汊台。） / 鳝流素（女·化神初期·巡流院弟子，驻镜汀南汊。）,鲤闻漪 / 龟玄砚 / 鳝流素,鲤、鲶、鳝、龟、蚌、虾蟹等水族组成，支府分布湖汊，水鸟与两栖妖修也可参与水务传承。,各安其汊，百水相通。,FALSE,尚未制作独立主线事件；蓝图中的冲突与人物故事仅作创作参考。
万兽大陆,群潮庭,大宗,潮生内海的珊屏礁与长歌深槽之间；临虚事务通过岸上庭署处理。,鲸沧弦（女·合体后期·轮值庭主，驻潮生列湾群潮庭。） / 鲛绡汐（女·返虚中期·礁工院首座，驻珊屏工台。） / 章绣流（女·化神中期·礁工院装配师，往来潮生港与珊屏工台。） / 溟照夜（男·大乘中期·群潮庭长歌馆旧师，居潮生内海长歌深槽，无凡国职位。）,鲸沧弦 / 鲛绡汐 / 章绣流 / 溟照夜,鲸、鲛、鲨、鳐、章鱼、海蚌与礁鱼诸族共议，主要族群拥有各自水域与传承，并设跨族师承。,海有深浅，归途共守。,FALSE,尚未制作独立主线事件；蓝图中的冲突与人物故事仅作创作参考。
沧溟大陆,澄珠宫,大宗,珠阙城外高礁山，设内外水庭和沿坡分院；大陆四大宗之一。,澜照珩（女·合体中期·澄珠宫宫主） / 绯砚汐（女·返虚初期·澄珠宫营造司执事） / 珠听弦（女·化神初期·澄珠宫声律馆教习）,澜照珩 / 绯砚汐 / 珠听弦,主驻明珠珊庭的多族道统，鱼人弟子众多；主张“清其水，安其居”，兼重水法、医养与城市营造，不以美貌或歌术决定入门资格。,主驻明珠珊庭的多族道统，鱼人弟子众多；主张“清其水，安其居”，兼重水法、医养与城市营造，不以美貌或歌术决定入门资格。,FALSE,尚未制作独立主线事件；蓝图中的冲突与人物故事仅作创作参考。
沧溟大陆,回流天院,大宗,中央环枢城上方、固定于岩岭的多层院庭；多处驿站有分院。,溯环真（女·合体后期·回流天院院主） / 鲸弦泊（女·返虚中期·回流天院救援庭首座） / 环逐澈（女·化神中期·回流天院航图房校图师）,溯环真 / 鲸弦泊 / 环逐澈,由海岭观流、潜航和护路传承结成，强调“通路不独占，行险须知责”。,由海岭观流、潜航和护路传承结成，强调“通路不独占，行险须知责”。,FALSE,尚未制作独立主线事件；蓝图中的冲突与人物故事仅作创作参考。
沧溟大陆,赤炉山,大宗,赤烟海脊稳定旧火山内外坡；有露水晾材与干作分场，但主体山门在水下。,赤珩砺（女·合体中期·赤炉山山主） / 石温砚（女·返虚中期·赤炉山勘脊司首席） / 墨焰缨（女·化神中期·赤炉山隔水炉坊教习）,赤珩砺 / 石温砚 / 墨焰缨,海底火山营造与炼器道统，“器成须可用，迁城须有人归”；名称中的山指海底山体，不是内陆山门。,海底火山营造与炼器道统，“器成须可用，迁城须有人归”；名称中的山指海底山体，不是内陆山门。,FALSE,尚未制作独立主线事件；蓝图中的冲突与人物故事仅作创作参考。
沧溟大陆,照渊书宫,大宗,幽灯城盆壁岩台，多层书庭与训练水域相连；四大宗之一。,渊照蘅（女·合体中期·照渊书宫宫主） / 墨层岚（女·返虚中期·照渊书宫层卷院院正） / 灯澈幽（女·化神中期·照渊书宫护压院教习）,渊照蘅 / 墨层岚 / 灯澈幽,深水功法、档案保存与感知之学的道统，主张“有光可读，无光亦可知”；不是只藏书不修行的世俗学馆。,深水功法、档案保存与感知之学的道统，主张“有光可读，无光亦可知”；不是只藏书不修行的世俗学馆。,FALSE,尚未制作独立主线事件；蓝图中的冲突与人物故事仅作创作参考。
沧溟大陆,青绡苑,中宗,青绡林海绡根城外固定根台，中型，分设季节苗圃。,绡涵碧（女·合体初期·青绡苑苑主） / 鳗疏影（女·返虚初期·青绡苑病害坊主） / 叶漪纺（女·化神初期·青绡苑织养庭教习）,绡涵碧 / 鳗疏影 / 叶漪纺,由海草培育、藻纤维与水木传承发展，认为“留下一季，才算收获”；接纳耕养居民的弟子而不垄断所有田地。,由海草培育、藻纤维与水木传承发展，认为“留下一季，才算收获”；接纳耕养居民的弟子而不垄断所有田地。,FALSE,尚未制作独立主线事件；蓝图中的冲突与人物故事仅作创作参考。
沧溟大陆,寒灯台,中宗,寒镜长暖谷上方岩脊，中型，多处通息井有轮值站。,镜寒舒（女·合体初期·寒灯台台主） / 豹温绒（女·返虚初期·寒灯台暖泉医舍主持） / 冰弦澄（女·化神初期·寒灯台冰况房观测师）,镜寒舒 / 豹温绒 / 冰弦澄,冰下护航与寒水传承，“灯可熄，归路不可弃”；兼顾永久居民与迁游族群。,冰下护航与寒水传承，“灯可熄，归路不可弃”；兼顾永久居民与迁游族群。,FALSE,尚未制作独立主线事件；蓝图中的冲突与人物故事仅作创作参考。
沧溟大陆,育海谷,中宗,初生海床温苗城外温和坡谷，中型，保护点分散而非整区封闭。,苗澄溯（女·合体初期·育海谷谷主） / 螺纹知（女·返虚中期·育海谷地层馆馆主） / 温序苔（女·化神初期·育海谷育苗院教习）,苗澄溯 / 螺纹知 / 温序苔,以古生态、育养与生命变化研究见长，“知其来，亦护其生”；反对将起源研究等同无限制活体试验。,以古生态、育养与生命变化研究见长，“知其来，亦护其生”；反对将起源研究等同无限制活体试验。,FALSE,尚未制作独立主线事件；蓝图中的冲突与人物故事仅作创作参考。
沧溟大陆,听泉院,中宗,生海之庭北缘安全台地，近栖泉集，中型；核心观台按条件轮值。,泉知白（女·合体初期·听泉院院主） / 晶听素（女·返虚中期·听泉院校器廊主持） / 泉晚笛（女·化神初期·听泉院巡标庭领队）,泉知白 / 晶听素 / 泉晚笛,专注泉庭观测、水文与安全通行，“记所见，不以愿望代证据”；不宣称拥有创造海水的传承。,专注泉庭观测、水文与安全通行，“记所见，不以愿望代证据”；不宣称拥有创造海水的传承。,FALSE,尚未制作独立主线事件；蓝图中的冲突与人物故事仅作创作参考。
沧溟大陆,垂天阁,中宗,双阙港的水下基座与外缘高崖，中型；水中山门与空港分阁连通。,潮接星（女·合体初期·垂天阁阁主） / 龟衡岫（女·返虚中期·垂天阁升潮工坊主持） / 羽巡潮（女·化神初期·垂天阁飞舟教所教习）,潮接星 / 龟衡岫 / 羽巡潮,连接水港与虚空航行的道统，“两界接舷，不失一客”；本地海族主导，外来修士可学习合适技艺。,连接水港与虚空航行的道统，“两界接舷，不失一客”；本地海族主导，外来修士可学习合适技艺。,FALSE,尚未制作独立主线事件；蓝图中的冲突与人物故事仅作创作参考。
太初大陆,观岳道院,大宗,灵界-太初大陆-承川盆地，承都北侧稳定山麓；叠岳设源山别院。,郁见山（女·大乘初期·观岳道院院主，常居承川盆地观岳台，负责重大护境决策与长期记录的保存。） / 邵留霜（女·合体初期·观岳道院源山别院院正，问源关上方别院。） / 陆砚生（男·化神初期·观岳道院古法阁校图弟子，承川盆地。） / 云绻（女·化神初期·源山别院协作观测者，问源关与悬泉栈附近活动。）,郁见山 / 陆砚生 / 邵留霜 / 云绻,由山川观察、地方古法和阵道传承逐渐汇合的道院，保存大陆最连续的地脉与水文记录。,察其所然，慎动其本。,FALSE,尚未制作独立主线事件；蓝图中的冲突与人物故事仅作创作参考。
太初大陆,负岳庭,大宗,灵界-太初大陆-赤屏高原-赤阶城上方宽阔崖台。,岳照棠（女·合体中期·负岳庭现任庭主，赤阶城上方崖台。） / 祝玄岑（女·大乘初期·负岳庭退任庭主、山川共约守约前辈，常居赤屏歇肩台。） / 段绣岩（女·元婴中期·负岳庭护具坊匠师，赤屏百索桥附近作坊；属于宗门，不任城官。）,祝玄岑 / 岳照棠 / 段绣岩,起于山地守路、护寨和炼体传承的宗门，巫族影响深厚，长期接纳人族和妖族弟子。,力有所当，诺有所尽。,FALSE,尚未制作独立主线事件；蓝图中的冲突与人物故事仅作创作参考。
太初大陆,濡生谷,中宗,灵界-太初大陆-青嶂雨林-青井镇上游泉谷。,林漱泉（女·合体初期·濡生谷谷主，青井镇上游分泉圃。） / 岑汀兰（女·返虚初期·濡生谷药舟舍负责人，常驻长苇药舟；属于宗门体系。） / 泠芽（女·元婴初期·濡生谷巡泉队成员，青井镇泉路；无世俗官职。） / 荷照（女·元婴中期·濡生谷协作育种者，归鸟汀附近的莲塘，无世俗官职。）,林漱泉 / 泠芽 / 岑汀兰 / 荷照,依托泉谷药圃与多族诊疗发展的医修宗门，善于区分地域、种族与生活条件造成的药性差异。,辨其所需，养其所生。,FALSE,尚未制作独立主线事件；蓝图中的冲突与人物故事仅作创作参考。
太初大陆,养火宗,中宗,灵界-太初大陆-温黎火谷-陶都北坡。,容照陶（女·合体中期·养火宗宗主，陶都北坡养火台。） / 釉眠（女·化神初期·养火宗共修廊契约合作者，本源为一座可移动陶炉。）,容照陶 / 釉眠,以炉鼎、陶质法器、阵砖与实用器具见长的生产宗门，重视对地火的持续养护与精细使用。,火有其候，器适其用。,FALSE,尚未制作独立主线事件；蓝图中的冲突与人物故事仅作创作参考。
太初大陆,听澜宗,大宗,灵界-太初大陆-白汀内海-照盐城外石岬。,闻汀雪（女·合体中期·听澜宗宗主，照盐城外听澜石岬。） / 白渚绫（女·化神中期·听澜宗护舟堂领航修士，白汀内海；不属于城盟军官。）,闻汀雪 / 白渚绫,由白汀古老行舟与水中修行传承发展的大宗，兼顾内海护航、河道安全与水势研究。,识其来去，留人归路。,FALSE,尚未制作独立主线事件；蓝图中的冲突与人物故事仅作创作参考。
太初大陆,万程院,中宗,灵界-太初大陆-大风原-归泉城外；各主要商路设驿舍，潮根埠设航务堂。,顾归遥（女·合体初期·万程院院主，归泉城外归程院，定期在各驿院轮住。） / 程逐泉（男·元婴初期·万程院勘路堂弟子，大风原沿线驿舍；非部盟官员。）,顾归遥 / 程逐泉,以长期游历、实地修行和沿途授业相连的宗门，各地驿院依共同门规维持联系。,行有所见，归有所传。,FALSE,尚未制作独立主线事件；蓝图中的冲突与人物故事仅作创作参考。
