大陆,凡国名称,疆域位置,都城或中心,庇护关系,已有人设角色,境界与权力边界,制度与生活摘要,来源蓝图
星坠大陆,九河皇朝,灵界-星坠大陆-九河平原-河洛城,河洛城。,庇护：与万象学宫及沿河诸宗订有护国盟约；皇朝供应粮税、土地和基层人才，超出凡国应对能力的修士威胁由护国宗门介入。,陆衡川（金丹后期） / 苏浣渠（金丹后期） / 田穗穗（筑基后期）,最高金丹；高阶冲突依赖宗门庇护,统治九河平原的人族皇朝，是星坠大陆人口、粮食与河运的基础。,世界书/灵界/星坠大陆/星坠大陆蓝图.md
星坠大陆,烟水十二城盟,灵界-星坠大陆-烟水云泽-镜花城,无固定都城，镜花城承担盟会与外交职能。,庇护：镜心乐府负责维持护城幻阵并威慑高阶修士；水盟则提供弟子、税赋与演出资源。,顾照蘅（金丹后期）,最高金丹；高阶冲突依赖宗门庇护,烟水云泽十二座岛城组成的松散联盟，以文化、商贸和水运维系共同利益。,世界书/灵界/星坠大陆/星坠大陆蓝图.md
星坠大陆,长风牧国,灵界-星坠大陆-长风牧野-风籁城,风籁城；王庭仍会随季节迁往不同牧场。,庇护：各部共同供养数个传统修行宗门，并通过天衡之约获得大陆势力保护；国主不能直接号令这些宗门。,赫连青野（金丹后期） / 姬逐风（金丹后期） / 阿牧（筑基中期）,最高金丹；高阶冲突依赖宗门庇护,长风牧野各部落、驿城与牧场共同组成的盟国，人族为主，也接纳神族旁支和其他族群。,世界书/灵界/星坠大陆/星坠大陆蓝图.md
星坠大陆,南溟商国,灵界-星坠大陆-南溟海门-天槎港,天槎港。,庇护：观潮舟宗依盟约保护港口、航路与跨大陆传送枢纽；商国承担船坞、补给和弟子供养。,沈千帆（金丹后期） / 安澜（金丹后期）,最高金丹；高阶冲突依赖宗门庇护,围绕天槎港、岛链和飞舟航线形成的商贸国家，居民来源复杂，以人族为主。,世界书/灵界/星坠大陆/星坠大陆蓝图.md
圣银大陆,白垣七城盟,白垣台原主体，并管理通往天冠、月桂、赤陶和琴浪的主干道路。,柱环城。,庇护：明辩学宫负责制度、阵法、外交和调停，银盾战庭负责元婴以上武力、重大灾害和跨邦防御。七城提供学田、粮饷、公共经费、驿站和弟子来源。；庇护边界：两宗不得任免城使、控制税率、取消公开审理或以高阶威压干涉选举；七城也不得要求宗门替某一城镇压合法政治反对者。,顾雅声（金丹后期）,最高金丹；高阶冲突依赖宗门庇护,白垣台原七座主要城邦组成的政治与经济联盟，柱环城是常驻议事地，但各城保留自己的法律、公民制度与地方节庆。,世界书/灵界/圣银大陆/圣银大陆蓝图.md
圣银大陆,琴浪海邦,琴浪内海主要岛链、半岛港口和断柱海门内侧水域。,千帆城。,庇护：银盾战庭直接提供海门、航线和港口的高阶庇护。海邦提供港务收入、船坞、补给、航图和普通船员，九艺诗院协助保存航海口述史与安抚海难幸存者。；庇护边界：银盾战庭不得垄断商路、指定运价或因政治争端封锁守约岛屿；海邦不得隐瞒高阶航路风险以维持贸易。,鲛绡（金丹后期）,最高金丹；高阶冲突依赖宗门庇护,主岛城邦、港口、船坞岛和海族水庭组成的松散海邦，以共同航法、救援义务和商贸标准维系。,世界书/灵界/圣银大陆/圣银大陆蓝图.md
圣银大陆,丰穗田邦,丰穗丘原及月桂谕谷南部若干农业河谷。,穗冠城。,庇护：月桂医谕院负责疫病、灵植、旱灾和医疗，十二柱神庭负责元婴以上敌对修士及破坏大型盟约阵的威胁。田邦提供粮食、药田、道路和公共诊疗经费。；庇护边界：两宗不得占有田邦公共粮仓、决定农产品收购价、干预村社婚姻或以传承需要无限征地；田邦不得扣留救灾药材作为政治筹码。,苏禾晏（金丹后期） / 丰穗晴禾（筑基后期）,最高金丹；高阶冲突依赖宗门庇护,河谷城镇、村社、庄园、灵族果园和牧区组成的农业联盟，以水权、公共粮仓和灾年互助为共同基础。,世界书/灵界/圣银大陆/圣银大陆蓝图.md
圣银大陆,赤陶工城联合,赤陶火岭主要安全地脉、矿区和通往琴浪内海的货运走廊。,赤陶城。,庇护：赤陶百工宗提供大型阵器、地脉技术和宗门修士，银盾战庭负责外敌支援。工城提供矿权份额、工坊税、学徒、维修订单和公共试验场。；庇护边界：百工宗不得垄断民间图样、强买通灵作品或控制行会选举；工城不得强迫宗门为不安全工程背书。,祝砂音（金丹后期）,最高金丹；高阶冲突依赖宗门庇护,赤陶城及周边炉镇、矿村、温泉城和家庭作坊区组成的工匠政体，以行会契约、公共安全和作品署名维系。,世界书/灵界/圣银大陆/圣银大陆蓝图.md
圣银大陆,苍角牧盟,苍角牧原、圣山东北山口及通往断柱海门的陆路走廊。,逐风城，盟会会随季节在主要泉地轮换召开。,庇护：银盾战庭维护主驿道、警烽阵和高阶安全。牧盟提供坐骑、斥候、补给、驿站与普通弟子来源。；庇护边界：战庭不得永久占用牧场、封闭公共泉眼或以训练为名改变迁徙路线；牧盟不得拒绝对所有守约旅客开放救援驿站。,苍角流云（金丹后期）,最高金丹；高阶冲突依赖宗门庇护,迁徙部族、固定驿城、人族牧场、妖族群落和商道泉盟组成的部族联盟，共同维护迁徙权、水源和陆路安全。,世界书/灵界/圣银大陆/圣银大陆蓝图.md
灵境大陆,芳洲国,芳洲沃野的大部分村镇及叠翠南麓部分驿镇，以芳津城为都；独立宗门山场和百花林社不自动归入王土。,芳洲沃野的大部分村镇及叠翠南麓部分驿镇，以芳津城为都；独立宗门山场和百花林社不自动归入王土。,庇护：百卉负责主要人口区护持、灵植灾害与林缘安全，四时观负责流域预警和调候技术；元婴以上外敌由两宗按就近原则先行应对，不能等待分清账目才救援。,姚穗宁（金丹后期） / 桑晚织（筑基后期）,最高金丹；高阶冲突依赖宗门庇护,由战后治水聚落逐渐联合而成的世袭王国；王室主持政务，县官、地方议事乡老和水利代表参与税役安排。,世界书/灵界/灵境大陆/灵境大陆蓝图.md
灵境大陆,白璧诸城,北部矿城及栖霞丹壑的霞陶等南部成员城，以璧泉城为常设议事地；成员城之间有独立乡村与宗门领地，并非连续严密统治全北部。,,庇护：衡岳为联盟主要护国宗门，负责元婴以上外敌和重大地脉威胁；绛霞按辖地协议承担丹壑的地火与驻地安全，必要时两宗协作。,关砚秋（金丹中期） / 朱釉娘（筑基后期）,最高金丹；高阶冲突依赖宗门庇护,各城自治，轮值议事；矿工行会、工坊、商路和居民推举代表，矿主不能独占所有席位。,世界书/灵界/灵境大陆/灵境大陆蓝图.md
灵境大陆,镜泊国,镜泊湖岸、水道沿线及听潮海阶主要港务聚落，以照汀城为都，泊霞港设独立预算的港务辖署；百花林社内部自治不受其直接任命。,镜泊湖岸、水道沿线及听潮海阶主要港务聚落，以照汀城为都，泊霞港设独立预算的港务辖署；百花林社内部自治不受其直接任命。,庇护：水府负责元婴以上外敌、重大水患和虚海险情的专业应对；普通护航仍须依据航程与风险订约，不能承诺所有航次绝对安全。,柳汀仪（金丹后期） / 裴济舟（筑基后期）,最高金丹；高阶冲突依赖宗门庇护,王室主持外交和官员任命，沿湖水议参与渔汛、税费与水利；船帮、岸村和港口商会均有陈情渠道。,世界书/灵界/灵境大陆/灵境大陆蓝图.md
灵境大陆,长晴国,长晴丘陵主要农区、集镇和驿路，以晴酿城为都；西北高山村社按各自盟约处理，不把整片叠翠归入王国。,长晴丘陵主要农区、集镇和驿路，以晴酿城为都；西北高山村社按各自盟约处理，不把整片叠翠归入王国。,庇护：绛霞为正式护国宗门，负责元婴以上外敌及重大器物、阵法事故，在晴酿设驻点以减少远距响应迟延；医疗合同不把素问山变为第二护国宗门。,苏晴棠（金丹中期） / 宁秤月（筑基中期）,最高金丹；高阶冲突依赖宗门庇护,世袭小国，王廷规模较小，乡社与作坊代表参与山塘、道路和市场规制。,世界书/灵界/灵境大陆/灵境大陆蓝图.md
万兽大陆,百川国,百川沃野地面田园及北部霜川谷沿线聚落，都城会川城；通壤城盟拥有独立地下自治范围。,百川沃野地面田园及北部霜川谷沿线聚落，都城会川城；通壤城盟拥有独立地下自治范围。,庇护：镇岳山盟承担高阶外敌、巨兽侵袭和重大山体灾害；回澜府按水务协议提供重大水患协援，不重复掌握国政。,牛穗宁（金丹后期）,最高金丹；高阶冲突依赖宗门庇护,国主主持行政，渠田议事由各县与渠社代表参加；下设田曹、水曹、仓曹、路曹与市署。,世界书/灵界/万兽大陆/万兽大陆蓝图.md
万兽大陆,丹翎崖国,,,庇护：千翎崖负责高阶外敌、危险风道与大规模空中事故。,雁书遥（金丹中期）,最高金丹；高阶冲突依赖宗门庇护,各崖居推举巢使，合议推选俗务执政；下设风路署、谷市署、泉池署、巢居调解所。,世界书/灵界/万兽大陆/万兽大陆蓝图.md
万兽大陆,青萝山国,青萝叠嶂主要山城、梯园与道路，中心萝阴城；九曲丘、回芳谷的修行祖地另列。,青萝叠嶂主要山城、梯园与道路，中心萝阴城；九曲丘、回芳谷的修行祖地另列。,庇护：九曲丘处理高阶外敌与祖地冲突；回芳谷负责重大疫病、药害与诊疗协援，保护药谷通路。,獾小满（金丹初期）,最高金丹；高阶冲突依赖宗门庇护,各山城推举山令组成山议，轮值山君主持俗务；设园曹、桥曹、药市署、客籍署。,世界书/灵界/万兽大陆/万兽大陆蓝图.md
万兽大陆,通壤城盟,百川沃野西缘丘陵的分层洞城及合法出入口，中心通壤城；地面大部分仍属百川国。,,庇护：百工巢负责重大塌方、地脉危险及高阶入侵；涉及地面共同灾害与镇岳山盟协作。,穿石婉（金丹后期）,最高金丹；高阶冲突依赖宗门庇护,各洞街推举街首组成城议，选城使处理外交；设风务、井务、梁柱、仓路四署。,世界书/灵界/万兽大陆/万兽大陆蓝图.md
万兽大陆,盐泉驿盟,赤砾长原各井寨、盐湖及主要驿路，中心盐泉城；荒野迁徙地不全部划为私产。,,庇护：伏蜇洞负责洞带、毒害和毒修外敌；镇岳山盟负责主驿路、山口与大型兽患，交界案件双方联合。,沙问泉（金丹中期）,最高金丹；高阶冲突依赖宗门庇护,井寨、盐场和驿城代表共议，推举驿盟执事；设井务、盐务、路务与夜市署。,世界书/灵界/万兽大陆/万兽大陆蓝图.md
万兽大陆,绮罗国,绮罗烟谷的花圃、桑田、世俗工坊和城镇，都城绮罗城。,绮罗烟谷的花圃、桑田、世俗工坊和城镇，都城绮罗城。,庇护：经纬宫负责高阶外敌与城防织阵；百工巢承担工程、巢区灾害及公共设施保全。,蝶绮禾（金丹中期）,最高金丹；高阶冲突依赖宗门庇护,织坊、田园、巢居与独立街区代表共同推举国主；下设桑田署、工契署、共养署、溪渠署。,世界书/灵界/万兽大陆/万兽大陆蓝图.md
万兽大陆,镜汀城盟,镜汀淡水湖群的水下街区、岸城和岛田，中心镜汀城。,,庇护与供养：回澜府承担高阶外敌、重大水患及危险水脉异常；城盟提供珠料、水田产出、维修劳务及灵石。,蚌含珠（金丹后期）,最高金丹；高阶冲突依赖宗门庇护,### 镜汀城盟（淡水诸城联盟） - 疆域与中心: 镜汀淡水湖群的水下街区、岸城和岛田，中心镜汀城。 - 居民与政体: 江河水族、水鸟、两栖与岸居妖族；各水汊与岸城推举城使，轮值执政最高金丹。 - 组织与军事: 汊务署、岸市署、田渔署、巡流队；低阶巡护与疏散水门，高阶武力依赖回澜府。 - 庇护与供养: 回澜府承担高阶外敌、重大水患及危险水脉异常；城盟提供珠料、水田产出、维修劳务及灵石。 - 边界与制衡: 府中不得为了闭关无限截断生活水，紧急调水由府与盟共同公告；上下游争议与百川国协商，重大案件送山泽会馆。 - 经济与信仰: 珠料、水草、莲藕、船运；祭水源与开汊先祖。 - 节庆与禁忌: 莲灯会、开汊祭；不得在有人居水域随意投网、投药。 - 对外: 连接中央粮运、南部工坊与潮生河口，维护候鸟临时泊地。 - 组织: - 镜汀城盟轮值执政，驻镜汀城。: 金丹后期 蚌含珠(御姐)（种族=妖族（河蚌）） 外貌与着装: 已化形，珠灰发、肤色柔润、指尖微亮；原身壳内浅紫，休养时留在水下宅院。,世界书/灵界/万兽大陆/万兽大陆蓝图.md
万兽大陆,潮生湾盟,潮生内海的浅湾聚落、部分深槽居地、岛镇与岸上港区，中心潮生港；群潮庭修行水域另列。,,庇护与供养：群潮庭承担高阶外敌、深水危险和虚海航路护持；湾盟提供船坞、仓场、海产与约定灵石，千翎崖按航务契约协作。,鳐汀兰（金丹后期）,最高金丹；高阶冲突依赖宗门庇护,### 潮生湾盟（内海与临虚港湾联盟） - 疆域与中心: 潮生内海的浅湾聚落、部分深槽居地、岛镇与岸上港区，中心潮生港；群潮庭修行水域另列。 - 居民与政体: 海族为主、海鸟和各族客商混居；浅湾、深水、岸港分别派代表，港务执政最高金丹。 - 组织与军事: 内海港署、临虚港署、潮务署、商事厅、巡湾队；低阶人员维护设施与治安，高阶护航由宗门负责。 - 庇护与供养: 群潮庭承担高阶外敌、深水危险和虚海航路护持；湾盟提供船坞、仓场、海产与约定灵石，千翎崖按航务契约协作。 - 边界与制衡: 宗门不能把居民维生设备充公作材料；深槽划道须有居民参与，岸港与内海收益按公开比例分配。 - 经济与信仰: 内海渔产、珠贝、装备装配、跨大陆转运；各族敬归航者与旧引路人。 - 节庆与禁忌: 落潮市、归航宴、长歌会；不得伪造遇险信号，将旅客冒登记为货物。 - 对外: 与镜汀协调河口水量，与绮罗交易织物，通过飞舟和传送联络其他大陆。 - 组织: - 潮生湾盟港务执政，驻潮生港。: 金丹后期 鳐汀兰(御姐)（种族=妖族（鹰鳐）） 外貌与着装: 已化形，蓝灰短发、眼尾浅斑、动作舒展；原身胸鳍宽大，活动于内海。,世界书/灵界/万兽大陆/万兽大陆蓝图.md
沧溟大陆,明珠城邦盟,明珠珊庭多座鱼人及海族城邦结盟，含浅海居住台地与明确登记的港井，不因上层投影占有幽灯盆地。,珠阙城为轮值议事中心；各城保留地方议会，盟议席由城邦推举，重大采光与航道事项须受影响街区听证。,庇护交换：澄珠宫主护。盟国提供阵基用地、药圃份额及公示维护费，弟子招募须自愿且不按血统强征。高阶兽害、元婴及以上侵袭和超出世俗能力的护城事故由宗门介入。,贝明议（金丹中期）,最高金丹；高阶冲突依赖宗门庇护,明珠珊庭多座鱼人及海族城邦结盟，含浅海居住台地与明确登记的港井，不因上层投影占有幽灯盆地。,世界书/灵界/沧溟大陆/沧溟大陆蓝图.md
沧溟大陆,青绡海国,覆盖西部主要耕养海域，由根庭村落与绡根城共同组成；海草牧场、迁徙通道和藻冠使用权分别登记。,绡根城为都城，议选海主主持行政，根庭代表保留年度问责与更换程序，不以高修为争王位。,庇护交换：青绡苑主护，海国提供试圃、普通粮材与服务费；宗门承担超出地方能力的生态灾害、高阶侵袭与重大护田阵损坏，必要时按跨宗盟约请求大型宗门协援。,绡予禾（金丹初期）,最高金丹；高阶冲突依赖宗门庇护,覆盖西部主要耕养海域，由根庭村落与绡根城共同组成；海草牧场、迁徙通道和藻冠使用权分别登记。,世界书/灵界/沧溟大陆/沧溟大陆蓝图.md
沧溟大陆,环廊商盟,中央锚城、固定驿站与服务水道组成的世俗联盟，商运重要但并非船行私产；迁游居民有合法代表渠道。,环枢城议事，居民、驿站与船行分席，涉及通息通道的决议需实际使用社群参与。,庇护交换：回流天院主护，盟国提供观流锚地、维修物资和分项费用；高阶劫掠、重大航路崩坏与超出低阶队伍能力的救援由宗门承担。,章语衡（金丹后期）,最高金丹；高阶冲突依赖宗门庇护,中央锚城、固定驿站与服务水道组成的世俗联盟，商运重要但并非船行私产；迁游居民有合法代表渠道。,世界书/灵界/沧溟大陆/沧溟大陆蓝图.md
沧溟大陆,寒镜海国,北部暖谷、永久岩城和登记冰下季市组成，迁徙社群拥有受保护的季节通行与休息权。,暖镜城为都城；海君由世俗继承制度产生，但暖谷议会对税赋、通息井与储粮有否决和审议权。,庇护交换：寒灯台主护，国供灯站、耐寒物资及维护粮费；宗门处理高阶威胁、异常冰灾与重大井群事故，并与回流天院维持援助契约。,暖镜棠（金丹后期）,最高金丹；高阶冲突依赖宗门庇护,北部暖谷、永久岩城和登记冰下季市组成，迁徙社群拥有受保护的季节通行与休息权。,世界书/灵界/沧溟大陆/沧溟大陆蓝图.md
沧溟大陆,赤脊诸埠,西南稳定工埠、登记矿区、迁建锚场及少量露水作业岛结盟，新生海床不自动归最近工埠所有。,赤炉埠为共同议事中心，各埠自治；工匠、居住庭与矿业行会分席，重大迁城不得仅由矿主决定。,庇护交换：赤炉山主护，诸埠供合法矿额、试炉地和工役合同；宗门介入高阶威胁、严重火山事故及重大隔水设施失效。,蟹执钧（金丹后期）,最高金丹；高阶冲突依赖宗门庇护,西南稳定工埠、登记矿区、迁建锚场及少量露水作业岛结盟，新生海床不自动归最近工埠所有。,世界书/灵界/沧溟大陆/沧溟大陆蓝图.md
沧溟大陆,温苗海国,初生海床的宜居缓坡及生海北缘栖泉集属地；不将核心泉群划为私有国土，不覆盖全部保护地研究权限。,温苗城为中心，村庭推举代表组成海议，任期行政官执行；栖泉有地方议事席，不能因依赖补给失去发言权。,庇护交换：育海谷主护全国产居区域；听泉院协护栖泉及泉庭外围观测通道。国家提供苗圃协作、补给仓与费用；高阶侵袭、超出民间能力的生态危险及泉庭外围事故分别由对应宗门先行介入，再协调援助。,苗共汐（金丹中期） / 栖澜书（金丹初期）,最高金丹；高阶冲突依赖宗门庇护,初生海床的宜居缓坡及生海北缘栖泉集属地；不将核心泉群划为私有国土，不覆盖全部保护地研究权限。,世界书/灵界/沧溟大陆/沧溟大陆蓝图.md
沧溟大陆,幽灯渊国,东部深水盆地及约定的沿坡港段，与上方明珠城邦盟分别拥有明确的深度范围和设施权。,幽灯城为都城，世俗渊君与灯庭议会分权；档案馆只提供证据，不因保管史料而取得世袭裁决权。,庇护交换：照渊书宫主护，国供档案协作、练法水域与维护费；高阶侵袭、严重护压事故及涉及高阶力量的档案威胁由宗门处理。,灯议宁（金丹后期）,最高金丹；高阶冲突依赖宗门庇护,东部深水盆地及约定的沿坡港段，与上方明珠城邦盟分别拥有明确的深度范围和设施权。,世界书/灵界/沧溟大陆/沧溟大陆蓝图.md
沧溟大陆,海门港盟,双阙港、外缘作业岛、空港岩台与内侧港湾组成；不把外部虚海划为可征税领海，也不独占全大陆外缘泄水口。,双阙港议事，水港、空港、居民与工坊分席，本地海族主导；人类修士是外来使用者而非默认港口主人。,庇护交换：垂天阁主护港区，回流天院协护内侧大航道与大型救援。港盟供阵台用地、工坊合同和维修费；高阶侵袭、重大接驳事故及跨界航险依责任范围介入。,潮契衡（金丹中期）,最高金丹；高阶冲突依赖宗门庇护,双阙港、外缘作业岛、空港岩台与内侧港湾组成；不把外部虚海划为可征税领海，也不独占全大陆外缘泄水口。,世界书/灵界/沧溟大陆/沧溟大陆蓝图.md
太初大陆,承川古国,承川盆地主体及北缘农耕丘陵；不统治赤屏全境，也不把长苇泄洪地视作随时可征用的属地。,承都。,主要庇护：观岳道院。古国提供稳定粮布、公共观察站土地、劳务与自愿入门人才；道院应对元婴及以上敌对威胁、重大地脉风险和需高阶阵法的护境任务。,姚令禾（金丹中期） / 陶素渠（筑基后期）,最高金丹；高阶冲突依赖宗门庇护,围绕盆地水利、粮仓与地方城邑形成的古国，王朝合法性主要来自保田、通渠与赈灾的持续履职。,世界书/灵界/太初大陆/太初大陆蓝图.md
太初大陆,白汀诸城盟,白汀内海沿岸各城、岛屿与约定盐场；湖上公共航道不归单城私有。,,主要庇护：听澜宗。城盟提供船坞、物资、盐运供养和灯站人员；宗门承担元婴及以上外敌、水域高阶妖兽威胁及超出城盟能力的水下工程。,盐青蘅（金丹后期） / 许平潮（筑基中期）,最高金丹；高阶冲突依赖宗门庇护,内海港市与岛城共同组成的联盟，依盐运、粮食输入与航道安全维系。,世界书/灵界/太初大陆/太初大陆蓝图.md
太初大陆,长苇泽国,长苇泽原的聚落、水道、轮用浅滩与南泄口；疆界描述允许季节用途变化，不等于土地无主。,,主要庇护：濡生谷；观岳道院为防汛协作宗门。泽国供药田、舟舍、药材与巡诊后勤，濡生谷承担高阶威胁防护、严重灵性疫病处置和高阶医修支援；道院按联合约定处理大型堤阵及地脉风险。,苇清晏（金丹中期） / 叶纫秋（筑基中期）,最高金丹；高阶冲突依赖宗门庇护,由高台城镇、堤村与舟社逐渐联合的世俗国家，以共渡汛期和保障四季生产为主要职责。,世界书/灵界/太初大陆/太初大陆蓝图.md
太初大陆,大风部盟,大风原主要牧地、泉井和商路聚落；北部山口与赤屏崖寨有互保协议，不直接吞并其自治权。,,主要庇护：负岳庭；万程院协助商路保护。部盟提供牧场使用、驮兽、粮乳、护具材料与驿站补给；负岳庭应对元婴以上敌对威胁与重大边地救援，万程院负责远行路线、护送与跨地联络。,乌兰笙（金丹后期） / 俞铃纱（筑基后期）,最高金丹；高阶冲突依赖宗门庇护,迁徙牧部、绿洲居民和固定驿城共同缔结的盟国，水源与通路权比单一血统更能维持团结。,世界书/灵界/太初大陆/太初大陆蓝图.md
