域,生态,秘境,每层等级,最高等级,开放,大致介绍,重要,判定理由
中原,中州沃野,试玉殿,试心幻廊[炼气] / 斗法幻台[炼气] / 悟道幻境[筑基] / 传承幻殿[筑基],筑基,常驻,"中州沃野地底之""试道幻殿"",纳凡人与低阶修士闯层层幻境试炼",FALSE,
中原,中州沃野,大禹故渎,渠口闸阵[筑基] / 灵渠迷脉[筑基] / 息壤阵田[金丹] / 渠心枢眼·玄圭[金丹],金丹,常驻,"中州沃野地下,传说""大禹""所遗的巨型渠阵;今治水之法失传成地下阵渠迷宫",TRUE,
中原,中州沃野,丹朱遗枰,边角试局[金丹] / 黑白杀阵[金丹] / 王图幻局[金丹] / 丹朱残局[金丹],金丹,常驻,"中州沃野""残枰岭""上古巨型棋枰——尧造围棋以教其子丹朱所遗",TRUE,
中原,雾锁泽林,沉雾药庐,野化药圃[筑基] / 废庐丹房[筑基] / 藏方石阁[金丹] / 药祖坐化室[金丹],金丹,常驻,"上古采药散修世家之废庐与野化百年药圃,木灵守园,藏古药方与灵药机缘",FALSE,
中原,雾锁泽林,泽心沉村,雾径村口[金丹] / 长街幻市[金丹] / 宗祠旧祭[元婴] / 村心沉冤[元婴],元婴,常驻,"雾锁泽林深处没入雾泽而""消失""之村镇,居者化雾魅生活其中",FALSE,
中原,灵花平畴,酿春古坊,醺香坊院[炼气] / 酿窖醉池[炼气] / 炼蜜花房[筑基] / 坊主醉乡[筑基],筑基,常驻,"万顷灵花海中一座废弃上古酿灵酒·炼蜜脂大坊,酒香化醺人幻雾,藏灵酒灵蜜古方与醉妖",FALSE,
中原,灵花平畴,百花冢,葬花阡陌[筑基] / 旧情花影[筑基] / 痴心花殿[金丹] / 冢心花魂[金丹],金丹,每3年一现,"万顷灵花海中一痴情修士葬尽所爱之""花冢"",花气化幻、重演旧人旧情,沉溺者化作春泥,藏疗心之道",FALSE,
中原,灼华山,赤渊真人洞府,洞府外阵[金丹] / 炼火丹房[金丹] / 藏经禁阁[元婴] / 地火静室[元婴],元婴,常驻,"灼华山地火渊畔上古""赤渊真人""(炼火体修)之洞府,禁制丹房藏经地火护宝阵犹存",FALSE,
中原,灼华山,地火淬体熔窟,熔窟外脉[金丹] / 淬体火池[金丹] / 失控阵窟[元婴] / 熔心炼狱[元婴],元婴,常驻,"灼华山上古体修在地火脉中所凿""淬体熔窟""群,今地火与残阵失控交织",FALSE,
中原,灼华山,百伤汤泉,疗伤汤院[筑基] / 沉骸泉底[筑基] / 养尸暖渊[筑基] / 泉眼药心[筑基],筑基,常驻,"灼华山中上古疗伤温泉道场遗址,泉底沉历代未愈者之甲胄遗骸与遗宝,温汤养伤亦养尸",FALSE,
中原,七曜连峰,窥天残台,崩台残阶[元婴] / 万星乱象[元婴] / 望外裂隙[化神] / 星彼端凝视[化神],化神,常驻,"七曜连峰一座上古观星废台,台心一道巨型裂隙,或藏预见未来只秘法",TRUE,"主线·星彼端未知存在=星蚀宗堕落之源,天魔伏笔"
中原,七曜连峰,万炉冢,废炉外墟[金丹] / 器灵兵冢[金丹] / 爆炉劫心[元婴] / 炼器祖坊[元婴],元婴,常驻,"七曜连峰一处上古炼器废炉群,一场大爆炉之墟,残炉废器化炉灵器灵成患,藏炼器秘传",FALSE,
中原,七曜连峰,七曜藏星窟,星图甬道[金丹] / 历法石室[金丹] / 占算秘阁[金丹] / 浑天仪心[金丹],金丹,每6年一现,"七曜连峰上古观星者私藏""星图秘藏""之洞窟,藏失传星象历法占算之学与一架上古浑天仪法器",FALSE,
中原,万木悟道古林,鹿鸣废院,入幻·古风初临[炼气] / 客馆小辩·初试舌锋[炼气] / 稷下大学宫·百家争鸣[筑基] / 主席之争·舌战群儒·破幻而归[筑基],筑基,常驻,"万木悟道古林中上古凡修共学之废书院;入者触主卷则被卷入""上古百家争鸣""之幻境",FALSE,
中原,万木悟道古林,通天木·树心洞天,通天木根[金丹] / 树心洞天[金丹] / 迷藤幻林[元婴] / 木心道枢[元婴],元婴,每2年一现,"万木悟道古林深处一株通天古灵木,中空树心自成""树内洞天""",FALSE,
东土,巨蕈菌海,上古丹炉遗址,残坊外院[筑基] / 丹池长廊[筑基] / 炉灵祭场[金丹] / 主炉密室[金丹],金丹,常驻,"巨蕈菌海深处孢雾终年不散的孤岛,岛心半埋上古丹修批量炼丹之废坊",FALSE,
东土,巨蕈菌海,络新妇蛛谷,垂丝帘林[金丹] / 食余尸窟[金丹] / 蛛宫魅影[元婴] / 万目真巢[元婴],元婴,常驻,"巨蕈菌海腹地一道不见天日之幽谷,巨蕈林冠垂挂银亮蛛帘,实为巨蛛猎场",FALSE,
东土,巨蕈菌海,孢光雾渊,孢光浅滩[筑基] / 共感雾海[筑基] / 残念幽庭[金丹] / 孢渊汐眼[金丹],金丹,每3年一现,"巨蕈菌海一处巨大凹陷盆地,每逢""孢汐""亿万发光孢子如潮升腾,雾海泛梦幻幽光",FALSE,
东土,临渊水乡,镇水古堰,堰顶石阙[筑基] / 引水回廊[筑基] / 锁水龙枢[金丹] / 患渊封底[金丹],金丹,常驻,"临渊水乡悬河、天江交汇处一座上古镇水大堰遗墟,堰下封锁着古时水患之源",FALSE,
东土,临渊水乡,千苇鬼津,迷苇外荡[筑基] / 磷火津渡[筑基] / 沉荡鬼市[金丹] / 荡眼沉冤[金丹],金丹,常驻,"临渊水乡边缘一望无际之芦苇荒荡,磷火幽幽、水鬼引舟,迷入者多沉荡底",FALSE,
东土,临渊水乡,万舸沉泽,沉桅舟林[金丹] / 货舱迷叠[金丹] / 亡者甲板[元婴] / 泽心舟冢主[元婴],元婴,常驻,"临渊水乡一处死水深泽,千百年来沉没于此之舟船与亡者堆积成冢",FALSE,
东土,流芳岛,丹隐古洞,药圃洞前[筑基] / 炼丹石室[筑基] / 藏丹密阁[金丹] / 坐化丹室[金丹],金丹,常驻,"流芳岛灵药深处一座上古丹修隐者之洞府,早于琉璃丹宗立宗",FALSE,
东土,流芳岛,噬灵藤窟,绞藤外崖[金丹] / 汲灵巢腹[金丹] / 藤心灵渊[元婴] / 藤妖本根[元婴],元婴,常驻,"流芳岛地脉灵气过盛之处,千年灵藤化妖,结窟噬灵捕食",FALSE,
东土,流芳岛,丹劫焦渊,焦土外渊[金丹] / 雷焚劫坑[金丹] / 化丹尸林[元婴] / 劫心残炉[元婴],元婴,常驻,"流芳岛一片寸草不生之焦黑深渊,乃上古丹修渡""丹劫""失败、丹炉与天劫俱焚之地",FALSE,
东土,蓬莱三仙岛,溯世古井,井口回声[筑基] / 浮光前尘[金丹] / 业镜深渊[元婴] / 井底前身[元婴],元婴,常驻,"蓬莱岛上一口深不见底之古井,向井中呼喊,井水浮现呼喊者""前世片段"",供参悟功法、突破瓶颈",FALSE,
东土,蓬莱三仙岛,羽化洞府,洞府外阵[金丹] / 藏珍偏殿[金丹] / 悟道石壁[元婴] / 羽化静室[元婴],元婴,常驻,"蓬莱外围一座孤岛,某大能飞升后留下之洞府,禁制阵纹、遗留法宝与道则感悟犹存",FALSE,
东土,蓬莱三仙岛,瀛洲虹桥,虹桥引阶[金丹] / 三岛环映[金丹] / 桥心虚境[元婴] / 虹桥彼端[元婴],元婴,每6年一现,"蓬莱三仙岛(蓬莱·方丈·瀛洲)之间一道时隐时现之七色虹桥,连通三岛、亦通""桥彼端""",FALSE,
东土,霜花岛,晶蝶谷,霜花蝶径[筑基] / 月华蝶渊[筑基] / 蝶梦幻境[金丹] / 晶蝶母茧[金丹],金丹,每1年一现,"霜花岛一道清寒幽谷,水晶蝶群于霜花月华间飞舞,谷自成神魂幻境",FALSE,
东土,霜花岛,霜眠玉棺,浮冰棺野[金丹] / 慕月棺廊[金丹] / 沉月寒宫[元婴] / 棺底月魄[元婴],元婴,常驻,"霜花岛玄冰之下一片""玉棺林"",历代慕月而来、于此冻眠之修士长卧冰棺中",FALSE,
东土,霜花岛,霜华月湖,霜花冰岸[筑基] / 映月冰镜[筑基] / 冰下月泉[金丹] / 月华湖心[金丹],金丹,常驻,"霜花岛一汪结着薄冰之镜湖,冰上霜花成簇如花海,月华灵蕴最盛",FALSE,
东土,碧落珊瑚海,卷藏书渊,沉舱书海[金丹] / 卷中天地[金丹] / 文心藏阁[元婴] / 书主残卷[元婴],元婴,常驻,"碧落珊瑚海一艘沉没之巨型藏书宝船,船中典籍历经海浸,竟自成一方""书中意境""",FALSE,
东土,碧落珊瑚海,碧落沉祠,珊瑚祠门[金丹] / 祭海长廊[金丹] / 珠胎祭殿[元婴] / 弃祠之秘[元婴],元婴,常驻,"碧落珊瑚海珊瑚丛中一座鱼人弃祭之水下古祠,鱼人迁居后封祠而去",FALSE,
东土,碧落珊瑚海,明珠蚌母渊,珠光浅渊[金丹] / 砗磲珊瑚林[金丹] / 育珠暖窟[元婴] / 蚌母珠心[元婴],元婴,常驻,"碧落珊瑚海一道深渊,一头上古巨蚌沉踞渊底育珠千年,渊中海族环伺夺珠",FALSE,
东土,归墟巨涡,万骸战渊,旋涡兵林[元婴] / 万骸浮渊[元婴] / 厮杀战影[化神] / 沉煞战心[化神],化神,常驻·化神禁地,"归墟巨涡向心旋落,涡壁悬着无数上古兵甲与残骸,乃上古""归墟之战""古战场之外层",FALSE,主线·上古【归墟之战】古战场外层
东土,归墟巨涡,灵气空洞,死寂边界[化神] / 枯魂干尸滩[化神] / 灵脉残口[化神] / 寂灭涡眼[化神],化神,常驻·化神禁地,"归墟涡心一片灵气彻底湮灭之死域,法术尽废、修为冻结,疑为归墟之战撕裂灵脉之遗创",FALSE,"主线·归墟之战撕裂灵脉之遗创,法术尽废"
东土,归墟巨涡,魔帝镇压地,锁龙链野[化神] / 腐龙陈尸[化神] / 封印深坑[化神] / 魔帝低语[化神+],化神,常驻·化神禁地,"归墟涡心之底、灵气空洞之下,镇着一尊魔族至尊;相传也是青龙陨落之地",TRUE,【四象·青龙】锁龙链以青龙筋绞成、腐龙陈尸即青龙尸首;同镇魔族至尊(归墟主线·最高优先)
东土,暘谷,八歧蛇冢,蛇骨外谷[元婴] / 毒涎腹道[元婴] / 八心毒窍[化神] / 蛇王内丹[化神],化神,常驻,"暘谷外缘一座荒岛,上古一头八首巨蛇之尸盘踞成谷,蛇骨淌毒、内丹尚温",FALSE,"神兽级凶兽·上古【八首巨蛇】之尸,内丹尚温"
东土,暘谷,日浴金渊,霞光外渊[化神] / 金乌羽落[化神] / 日华神木[化神] / 日生海眼[化神禁地],化神,常驻·化神禁地,"暘谷之心,朝阳自海天之交喷薄而生之处,霞光蒸腾、灵气最盛,东土""日出之地""之本源圣域",TRUE,"神兽+圣域·【金乌】羽落/日华神木/日生海眼,东土日出本源"
东土,暘谷,太初梦境,浅梦雾海[化神] / 心象幻城[化神] / 太初旧梦[化神] / 梦主眠寝[化神],化神,常驻·化神禁地,"暘谷深处一片""沉眠之海"",一头上古沉眠神兽之梦境具象化成界,光怪陆离",FALSE,神兽·一头上古沉眠【神兽】之梦境具象化成界
东土,列星海,无文方碑,外碑残阵[筑基] / 列碑回廊[金丹] / 中枢主碑[元婴] / 碑底封文[元婴],元婴,周期/游移开放,"东溟某无人礁群,矗立一片刻满未知异文之巨型方碑阵,来历无考",FALSE,
东土,列星海,倒悬山,倒瀑垂渊[金丹] / 悬空石林[金丹] / 倒生灵窟[元婴] / 悬山倒根[元婴],元婴,周期/游移开放,"东溟某海域上空,一座山峰倒悬如钟乳石、重力倒转,峰顶朝下垂落灵泉飞瀑",FALSE,
东土,列星海,无定漂屿,雾锁滩头[筑基] / 错乱林径[筑基] / 时错古墟[金丹] / 漂屿之心[金丹],金丹,周期/游移开放,"东溟上一座永不在原处、随海漂流之鬼岛,登者多迷失于错乱海域",FALSE,
北境,雪松峡湾,沉船浮港,浮港外滩[筑基] / 水师战场[金丹] / 旗舰主舱[金丹] / 航海图秘室[金丹] / 龙骨神祠[金丹],金丹,每5年一现,上次大劫陨落之古文明水师残骸,FALSE,
北境,雪松峡湾,极光神殿,极光外厅[筑基] / 玄武祭坛[筑基] / 神殿建筑群[筑基] / 极光本源[筑基],筑基,常驻,沧澜先祖供奉'北方玄武'之古神殿,FALSE,
北境,雪松峡湾,寒蛟血潭,浅穴回流[筑基] / 寒蛟产室[金丹] / 千年蛟王巢[元婴] / 海眼深渊[化神],化神,每5年一现,千年寒蛟群产卵之深海洞穴,FALSE,"仅区域妖兽(寒蛟)产卵巢穴,无神兽/主线钩子"
北境,永霜松涛,黑松王座,黑松林缘[筑基] / 木魅游廊[筑基] / 王座庭[筑基] / 王髓殿[筑基] / 王座之巅[筑基],筑基,常驻,万年最巨黑松所化木魅之主所居,FALSE,
北境,永霜松涛,孤坟岭,骨冢外岭[筑基] / 招魂台[金丹] / 万骨炼狱[金丹] / 鬼修封魂处[元婴],元婴,常驻,"上古战场白骨堆积成岭,冻骨观立观处之深处骨冢",FALSE,
北境,永霜松涛,雾魇巢穴,雾林边缘[筑基] / 失忆湿地[金丹] / 巢心暗腔[元婴] / 上古魇王封印[元婴],元婴,常驻,"雾魇精怪本巢,林心地下之噬忆之渊",FALSE,
北境,银沙落星漠,蜃楼裂隙,蜃外幻廊[筑基] / 异界中转站[金丹] / 碎界回廊[元婴] / 归墟回响[元婴] / 星陨母核[元婴],元婴,每7年一现,"沙海中真实存在之时空缝隙,可通往别地、别时、乃至别界",FALSE,
北境,银沙落星漠,星陨堡地宫,议会密道[炼气] / 沙都旧档库[筑基] / 星陨原核殿[筑基] / 始祖陨星之心[筑基],筑基,常驻,沙裔商邦议会下藏'星陨原核'库,FALSE,
北境,银沙落星漠,古城残骸,塔尖外围[筑基] / 古城街市[金丹] / 王宫深处[元婴] / 王陵地宫[化神],化神,常驻,"银沙下半埋之上古城邦,沙海中可见塔尖",FALSE,仅上古城邦王陵地宫
北境,不周残脊,折天遗墟,道场外阶[元婴] / 玄武钟楼[元婴] / 法本秘库[元婴] / 折天剑冢[化神] / 天柱断台[化神] / 折天主殿[化神],化神,每500年一现,"云海最深处之上古道场残址,藏古修法本与上古法宝",FALSE,上古道场遗宝(500年一开);若'折天/玄武钟楼/天柱断台'要接不周山主线可升格
北境,不周残脊,千骨陉血池,血池外台[筑基] / 血池漂尸层[金丹] / 寒林洞[元婴] / 血莲净土[化神],化神,常驻,"血莲密教万年人祭血汇之深池,法王闭关之处",TRUE,"敌对势力核心·血莲密教法王闭关处,万年人祭血池"
北境,不周残脊,龙吟窟,龙吟外洞[筑基] / 脉气支汇[金丹] / 主脉之厅[元婴] / 龙脉源头[化神],化神,常驻,"不周残脊山中之龙脉气窟,龙吟异象之源头",TRUE,龙脉源头(非神兽本体);若要坐实'龙吟'为某真龙可升格
北境,黑曜火渊,龙息潭,炎流近岸[金丹] / 红鳞坡[金丹] / 龙脉岔道[元婴] / 红龙骸[元婴] / 龙喉深处[化神],化神,每300年一现,"地火红龙呼吸最盛之地,潭水赤红",FALSE,地火红龙骸+龙喉(300年一开);若红龙要提为神兽级可升格
北境,黑曜火渊,玄铁主矿,浅矿层[筑基] / 主矿巷[金丹] / 黑曜钢之心[元婴] / 地火主脉[化神],化神,常驻,"烬阳城下方千丈深矿,玄铁与黑曜钢之主源头",FALSE,"烬阳城资源矿脉,经济向"
北境,黑曜火渊,沸泉地宫,沸泉外室[筑基] / 丹师居室[金丹] / 丹炉密阵[元婴] / 丹师陨处[化神],化神,常驻,"烬阳城温泉九潭最深'沸泉'下方密室,上古炼丹师隐居处",FALSE,仅上古炼丹师隐居处
北境,苍狼草海,苍狼山神骨窟,神骨外祠[筑基] / 狼骨长廊[金丹] / 神骨主祠[元婴] / 神骨地宫[化神],化神,每5年一现,圣山之巅传藏'狼神残骨',FALSE,神兽/图腾·圣山之巅藏【狼神残骨】
北境,苍狼草海,断箭原古战场,表层尸骸[筑基] / 深层将墓[金丹] / 战将主帐[元婴] / 战神殿[化神],化神,常驻,"草海中央古战场遗迹,地下尸骸成层",FALSE,草海古战场;若'战神殿'要接主线可升格
北境,千镜盐泽,镜中歧路,倒影街市[筑基] / 镜中亡命[金丹] / 歧路十字[元婴] / 镜廊主殿[元婴] / 本镜深处[化神],化神,每10年一现,倒影出错者所入之异界镜像歧路,FALSE,异界镜像歧路(10年一开);若要做异界通道线可升格
北境,千镜盐泽,海骸坑,鲸龙骨架层[筑基] / 海骸下渊[金丹] / 古海族墓室[元婴] / 远古海眼[化神],化神,常驻,"近年新挖之巨型考古坑,古鲸龙骨架,列国争夺地",FALSE,考古坑;若'远古海眼+列国争夺'要做剧情可升格
北境,南风锦绣,回音谷,谷口练音坪[筑基] / 谱海回响廊[金丹] / 钟鼓震幽腔[元婴] / 回音之渊[化神],化神,常驻,"聆风斋郊外天然奇谷,回声蓄势之地,传上古'音祖'于此渡末劫陨落",FALSE,"音祖陨落处;'渡末劫'一句涉大劫,可升格"
北境,南风锦绣,风雅古园,园林外景[筑基] / 百衲坊[金丹] / 雅集主厅[元婴] / 老祖闭关洞[化神],化神,常驻,锦绣城南郊上古文修流派'百衲门'之废园,FALSE,仅百衲门老祖闭关洞
北境,近岸潮带,鲸落冰湾,沿岸碎冰[练气] / 冰封尸群[筑基] / 巨鲸主骸[金丹] / 落星海眼[金丹],金丹,常驻,海兽尸骸冰封带,FALSE,
北境,近岸潮带,千岛礁群,外缘礁岛[练气] / 礁内市集[筑基] / 散人主岛[金丹] / 千年贼船窟[金丹],金丹,常驻,北海散人与海盗据点之礁石群,FALSE,
北境,近岸潮带,海骨港深井,古井外环[练气] / 沉鲸祭室[筑基] / 古捕鲸船墓[金丹] / 沉海祖墓[金丹],金丹,常驻,"沧澜捕鲸据点地下古井,藏初代王葬处",FALSE,
北境,玄冰浮海,玄龟海宫,龟背外礁[金丹] / 海宫外厅[元婴] / 海族议事殿[元婴] / 玄龟脊心[化神] / 龟之灵渊[化神],化神,常驻,"海族王廷, 建于一头万年玄龟之背上(玄龟仍活,海宫随之漂移)",TRUE,"神兽·建于一头仍活的万年【玄龟】背上(玄武),海族王廷"
北境,玄冰浮海,沉海雾岛,浮岛外滩[金丹] / 道场遗墟[元婴] / 道场主殿[元婴] / 创立者陨处[化神],化神,常驻,雾中浮岛上次大劫陨落道场,FALSE,"上次大劫陨落道场之一,与【沉海古都】功能重复,可升格"
北境,玄冰浮海,永夜海沟,沉降黑暗带[元婴] / 幽光生物带[元婴] / 海底火山带[化神] / 烛龙族遗迹[化神] / 遗墟深处[化神],化神,常驻·化神禁地,"玄冰浮海海床下万丈幽暗之海底沟壑,深不见底",TRUE,【四象·玄武】遗墟深处陈卧一具庞大【玄武尸体】(已邪化);沟中亦有烛龙族遗迹
北境,极冥渊,沉海古都,古都外环[化神] / 古都主市[化神] / 大能道场遗墟[化神] / 创立者陨处[化神] / 极冥镜眼[化神],化神,常驻·化神禁地,上次归墟之战陨落人族大能道场,TRUE,主线·上次归墟之战陨落之人族大能道场
北境,极冥渊,鲲鹏化形之渊,涡旋外缘[化神] / 涡旋眼[化神] / 鲲鹏沉眠之窟[化神] / 化形之眼[化神],化神,常驻·化神禁地,海眼深处涡旋·北冥之鲲沉眠,TRUE,神兽·北冥之【鲲】沉眠于海眼涡旋
北境,极冥渊,归墟旧伤,刀痕外缘[化神] / 痕中黑气涌口[化神] / 上次大劫物理遗痕[化神] / 归墟之眼[化神],化神,常驻·化神禁地,海底千里刀痕·上次大劫物理证据,TRUE,"主线核心·【归墟之眼】,上次大劫的物理证据"
南疆,雨瘴林,万毒祖窟,毒泽外林[筑基] / 蛊母走廊[筑基] / 万毒祖池[筑基] / 祖蛊蛰穴[筑基],筑基,常驻,五毒教神木殿地下之祖蛊圣穴,FALSE,
南疆,雨瘴林,百越巫殇坛,巫殇外坛[筑基] / 千鼓蛊舞场[金丹] / 祖巫像之厅[金丹] / 巫殇魂封[金丹],金丹,每7年一现,百越南三部数千年血脉祭祀之巫坛,FALSE,
南疆,雨瘴林,雨瘴神木,巨木外环[筑基] / 毒虫巢腹[金丹] / 神木髓室[元婴] / 木魂祖位[化神],化神,常驻,"雨瘴林深处独立巨木,千年百毒同生于其腹",FALSE,区域巨木/木魂祖位
南疆,翠玉丘,万灵熄窟,熄窟外缘[筑基] / 万灵熔池[金丹] / 原灵骨阵[元婴] / 始灵之核[化神],化神,常驻,"翠玉丘地脉裂口之天然生灵熔窟,千年生机自归于此而熄熔重生",FALSE,地脉生灵熔窟;'始灵之核'可升格
南疆,翠玉丘,百草幽潭,百草坡[炼气] / 潭壁石龛[筑基] / 古碑潭心[化神] / 潭底沉灵[化神],化神,常驻,"翠玉丘东麓灵泉群中之千年深潭,环潭百草共生,世人皆以为采药圣地",TRUE,【四象·朱雀】潭底机关下玄冰内封【沉睡的朱雀】(四象中唯一尚存活者);获《朱雀涅槃真经》与唤醒契机;表面伪装为人人可采药之圣地
南疆,翠玉丘,化兽渊,渊外水滩[筑基] / 变形深窟[元婴] / 古化兽王巢[元婴] / 渊心怪胎之眼[化神],化神,常驻,"翠玉丘地脉异变之秘洞,入者血肉畸变",FALSE,地脉异变怪胎之洞
南疆,十万大山,潜龙渊,渊外水域[筑基] / 沉龙骨阵[金丹] / 白血晶簇[金丹] / 书卷画境[金丹],金丹,常驻,"潜龙族纯化血脉之圣渊,接十万大山外海;族祖乃上古白龙",TRUE,
南疆,十万大山,梧桐祭巢,山脚梧桐林[筑基] / 涅槃灰台[金丹] / 凰祖宫[金丹] / 凤凰真火坛[金丹],金丹,常驻,落凤族梧桐山之凤凰涅槃之地,TRUE,
南疆,十万大山,万妖朝祖殿,朝祖广场[筑基] / 试资百兽道[筑基] / 承嗣真殿[筑基] / 妖祖真窍[元婴],元婴,每60年一现,"十万大山深处上古妖祖所遗之传承圣地,万妖盟奉为族中天骄无上机缘",FALSE,
南疆,永恒谷,九幽泉,九泉口[筑基] / 九曲阴河[筑基] / 沉舟泉心[筑基] / 九幽泉眼[元婴],元婴,常驻,"永恒谷谷底九支寒泉之源,死气凝液之上古天泉",FALSE,
南疆,永恒谷,猩红古战场,残戈滩[筑基] / 猩红赤沼[金丹] / 血莲残阵[金丹] / 莲根血穴[金丹],金丹,常驻,"上古大劫残留之古战场,血煞育出""猩红""腐瘟,蔓延成赤泽",FALSE,
南疆,永恒谷,千棺谷,悬棺崖道[筑基] / 俑廊悬魂梯[金丹] / 王棺疑冢[元婴] / 镇魃真陵[元婴],元婴,每30年一现,"上古一湮没古国之王陵葬谷,千具悬棺垂挂绝壁,机关重重、长明不熄,生人勿近",FALSE,
南疆,云梦泽,武陵桃源,桃林迷溪[炼气] / 山口幽窦[炼气] / 桃源遗村[炼气] / 源心古桃[炼气],炼气,常驻,"云梦泽西南乱峰间一处与世隔绝之天然洞天福地,机缘唾手可得;然出洞已是数百年后",FALSE,
南疆,云梦泽,沉郢古都,沉城外郭[筑基] / 巫市坊肆[筑基] / 九歌神庙[金丹] / 巫王典藏[金丹],金丹,常驻,"上古巫族(祖巫文明)古都,某次大劫倾覆后沉于云梦泽底,今为水下考古圣地",FALSE,
南疆,云梦泽,云中蜃境,蜃楼云阙[金丹] / 行云布雨之境[金丹] / 雷暴幻渊[元婴] / 云中君眠寝[元婴],元婴,常驻,"传说中""云中君""沉眠的蜃气幻境,入者可于幻中求云雨雷电之传承",FALSE,
南疆,锦绣稻乡,薜荔寿泽,薜荔泽口[筑基] / 蚀寿回廊[筑基] / 婴啼剑林[金丹] / 司命试炼台[金丹],金丹,常驻,"锦绣稻乡腹地一片寸稻不生之黑泽,自古为“司命”神显灵之地",FALSE,
南疆,锦绣稻乡,太一周天阵,日御阵眼[金丹] / 星枢阵眼[金丹] / 云车阵眼[金丹] / 神巫阵眼[金丹] / 太一神坛[金丹],金丹,常驻,"东皇太一神性所凝之周天星斗大阵,四阵眼环拱中枢神坛",FALSE,
南疆,神木莽原,羽蛇祭塔,血径塔基[筑基] / 浮雕回阶[筑基] / 颅骨祭台[金丹] / 羽蛇神心[金丹],金丹,常驻,神木莽原深处为林海吞没之上古黑石阶梯巨塔,FALSE,
南疆,神木莽原,树灵呓林,呓语外林[筑基] / 木化深径[筑基] / 寄生苗圃[筑基] / 根网心室[筑基],筑基,常驻,"神木莽原西陲一株上古树灵盘踞之活林,根网遍布、呓语不绝",FALSE,
南疆,朱髓孤屿,龙骸谷,龙骸外壳[金丹] / 龙腹甬道[金丹] / 血肉龙脉[金丹] / 龙心卵室[金丹],金丹,常驻,"朱髓孤屿中心,一具横亘千丈之上古真龙巨尸,千年不腐、朱髓自骸渗出",FALSE,
南疆,朱髓孤屿,石髓溶窟,落水洞口[筑基] / 晶钟乳廊[金丹] / 暗河渡[元婴] / 灵髓湖心[元婴],元婴,常驻,"朱髓孤屿白岩高原之下无光巨窟,朱髓灵脂渗入地脉、凝成赤色晶钟乳之林",FALSE,
南疆,千根渚,神树须渊,须根红林[练气] / 坐化古修[练气] / 待月灵药[筑基] / 神树残心[筑基],筑基,常驻,"太古一截神树断枝陨落此地,因凡界灵气不足而枯死腐朽,残骸至今仍贪吸灵气;千根渚千里红树,皆其须根蔓生而成",FALSE,
南疆,千根渚,沉虺故城,沉城外郭[金丹] / 虺民坊市[金丹] / 城心祭祠[元婴] / 史官藏典[元婴],元婴,常驻,"上古亚龙""水虺族""故都,大劫灭族后沉没于千根渚外深水",FALSE,
南疆,南溟珊瑚海,沉珠龙宫,宫门珊瑚阙[金丹] / 水晶朝殿[金丹] / 虺皇正殿[元婴] / 虺皇沉寝[元婴],元婴,每50年一现,"上古水虺族皇宫,水晶珊瑚所筑之龙宫,大劫后沉于珊瑚海中部",FALSE,
南疆,南溟珊瑚海,万礁虺渊,万礁沉门[元婴] / 伪星幽城[元婴] / 血祭噬坛[化神] / 噬渊之口[化神],化神,常驻,"万礁岛群之下隐秘沉殿,需探索其他水虺族遗迹得知位置",TRUE,多段剧情链·须先探索其他水虺族遗迹方知其位置
南疆,南冥大渊,女娲止水渊,止水外渊[化神] / 〔异界·凝滞琥珀界〕[化神] / 〔异界·万古冰寂界〕[化神] / 〔异界·噬时流沙界〕[化神] / 〔异界·倒流逆界〕[化神] / 渊底芦灰封印[化神],化神,常驻·化神禁地,"上古时代女娲补天前""积芦灰以止淫水""之遗址;芦灰沉为玄灰淤泥,蕴""封印一切流动""之静止之力",TRUE,"上古神祇+主线·【女娲】补天前'积芦灰止淫水'遗址,其下即鸿蒙水眼"
南疆,南冥大渊,鸿蒙水眼,鸿蒙混沌之水[化神] / 〔异界·焚寂火渊界〕[化神] / 〔异界·倒悬虚空界〕[化神] / 〔异界·万目窥界〕[化神] / 〔异界·血雨修罗界〕[化神] / 〔异界·噬铁风沙界〕[化神] / 〔异界·寂灭黑域〕[化神] / 水眼通异之门[化神],化神,常驻·化神禁地,"天地未分时鸿蒙混沌之水残留,处女娲止水渊封印之下;无时间、无空间、无属性,相传穿水眼可通异界",TRUE,"主线最高优先·穿水眼可通异界,呼应'逃离凡界'之解"
西域,柔风海湾,沉海拜日殿,沉殿外礁[筑基] / 日轮残厅[金丹] / 日神主坛[元婴],元婴,常驻,失落古文明沉于近海之日神殿,FALSE,
西域,柔风海湾,商道古碑林,外环碑场[筑基] / 亡商唤名廊[金丹] / 鬼商主场[金丹] / 冥货深穴[金丹],金丹,常驻,千万亡商之名所立碑林·子夜显鬼商市,FALSE,
西域,流沙星海,不死沙陵,沙下千阶[筑基] / 活尸侍卫殿[金丹] / 沙下古宅邸[元婴] / 王廷市集[元婴] / 古王主寝[化神],化神,每7年一现,失落古文明地下王陵·活尸于其内如生,FALSE,"失落古文明地下王陵,活尸王廷"
西域,流沙星海,沙暴之眼,风刃外环[筑基] / 风眼静庭[金丹] / 千年定风珠殿[元婴] / 风之止深境[元婴],元婴,每9年一现,"流沙星海中心永驻沙暴, 风眼之内死寂如止",FALSE,
西域,楼兰旧地,楼兰水脉迷宫,废井外渠[炼气] / 千年水脉主迷[筑基] / 古水神祭坛[筑基] / 地下绿洲秘境[筑基],筑基,常驻,"古代楼兰国故都地下千年枯涸河道,中央仍藏地下绿洲,相传可采地下青莲",FALSE,
西域,楼兰旧地,沙虫沉穴,沙下浅穴[筑基] / 沙虫产卵之室[金丹] / 千年沙虫王巢[元婴] / 沙海最深[元婴],元婴,每6年一现,"千年沙虫沉眠/产卵之巢, 沙海食物链顶端禁地",FALSE,
西域,楼兰旧地,镜花蜃楼,蜃外迷沙[筑基] / 蜃心镜城[金丹] / 蜃源虚境[元婴],元婴,每8年一现,沙海中浮现之古城蜃影·入则迷途,FALSE,
西域,昆仑神墟,瑶池仙府,瑶池外苑[筑基] / 试道古园[筑基] / 试心仙厅[筑基] / 玉膏神泉[筑基],筑基,每300年一现,上古飞升修士'玄女'所留之试炼仙府,FALSE,
西域,昆仑神墟,桃源异兽境,桃林溪源[筑基] / 灵兽古谷[金丹] / 异兽深境[元婴],元婴,常驻,青鸟门所守·上古灭绝异兽栖居之桃源秘境,FALSE,
西域,昆仑神墟,玉山神柱,柱基玉阶[元婴] / 中段铭文[化神] / 柱顶神光[化神],化神,常驻·化神禁地,昆仑玉山中央巨石神柱·古道法源,TRUE,"【四象·白虎】昆仑玉山神柱,传为白虎镇守;柱顶神光实为白虎内丹,柱下留白虎尸体(死状凄惨)"
西域,菩提雪山,七重金人雪窟,雪窟外岩[筑基] / 七重金人廊[金丹] / 冰魂禁狱[金丹] / 拈花本心[金丹],金丹,常驻,"菩提禅宗千年封印女魔头""紫苑""之雪窟禁狱",FALSE,
西域,菩提雪山,万佛舍利塔,塔基外门[筑基] / 七劫斩妖龛[金丹] / 元婴大妖封棺[元婴] / 真佛舍利心[化神],化神,每12年一现,菩提禅宗千年镇妖塔·万佛舍利镇万妖,TRUE,"封印剧情·真佛舍利心镇万妖,菩提禅宗千年镇妖塔"
西域,菩提雪山,苦行雪洞,浅洞群[炼气],炼气,常驻,雪山深处历代禅师闭关之洞群,FALSE,
西域,青龙玉野,承天论剑台,论剑外台[筑基] / 千年剑碑[金丹] / 论剑中央台[金丹],金丹,每10年一现,承天岳顶古剑台,FALSE,
西域,青龙玉野,承天岭隐修洞,外洞群[筑基],筑基,常驻,承天岭承天道隐修古洞群,FALSE,
西域,青龙玉野,承天祖陵,四象俑阵[筑基] / 祖陵机关道[金丹] / 羲皇主室[元婴] / 承天龙脉[元婴],元婴,每20年一现,上古羲皇祖陵·机关重重·四象俑无尽,FALSE,
西域,昆吾石塬,昆吾铜冶古墟,古冶外坊[炼气] / 千炉铸场[筑基] / 昆吾铜母[筑基] / 古冶神炉[元婴],元婴,每8年一现,山海经昆吾山赤铜古冶遗墟·上古炼器祖地,FALSE,
西域,昆吾石塬,千崖风骨穴,风骨外崖[炼气],炼气,常驻,风蚀千年成骨之峰林深穴·风脉灵气汇集,FALSE,
西域,昆吾石塬,石龙暗河,天坑外井[炼气] / 钟乳暗河[筑基] / 石龙沉眠之穴[化神],化神,常驻·化神禁地,昆吾石塬地下千里暗河·古石龙沉眠,TRUE,神兽·古【石龙】沉眠于千里暗河
西域,无垠雪山,葬剑冢,剑冢外坪[筑基] / 历代剑碑[金丹] / 镇冢主剑[元婴],元婴,常驻,天玄剑宗历代强者佩剑之禁地·剑意冲霄,FALSE,
西域,无垠雪山,冰心湖,湖畔静思壁[筑基] / 湖心冰岛[筑基] / 湖底忘情之渊[金丹],金丹,常驻,玉女宗忘情磨砺之至寒灵湖,FALSE,
西域,无垠雪山,古戍遗迹,关外戍场[筑基] / 千年戍堡[金丹] / 古戍地宫[元婴],元婴,常驻,"已灭古王朝之古关塞,尚有守关僵尸游荡",FALSE,
西域,柔风近岸,鱼人歌会,礁外歌声[炼气] / 鱼人歌台[筑基] / 歌会秘仪[筑基],筑基,常驻,西海近岸鱼人歌会与人族秘市·月圆夜浮现,FALSE,
西域,西冥渊,沉日古城,沉日外城[化神] / 日轮殿[化神] / 西冥日核[化神],化神,常驻·化神禁地,上次大劫日轮陨落之沉海古城,TRUE,主线·上次大劫【日轮】陨落之沉海古城
星坠大陆,天陨环域,无字神殿,1. 无字前庭 [返虚] / 2. 共鸣长阶 [返虚] / 3. 神格空座 [合体] / 4. 星核观测井 [合体],合体,星鸣期间，天陨渊第二环山会显现一扇没有门框的白色石门；携带不同神纹者看见的入口位置不同。,无字神殿: 空庭石像随来客动作转身，门楣不见文字 (外围返虚，深层合体)；1. 无字前庭 [返虚] — 空庭石像随来客动作转身，门楣不见文字 → 2. 共鸣长阶 [返虚] — 长阶回荡各族长辈与师长的声音 → 3. 神格空座 [合体] — 空座为每人显出最想继承的身份 → 4. 星核观测井 [合体] — 井中交错呈现神骸、天星与界壁影像,TRUE,正式总览明确列入重要秘境
星坠大陆,天陨环域,倒悬星宫,1. 落星庭 [化神] / 2. 倒置回廊 [化神] / 3. 无重书库 [返虚] / 4. 星宫中枢 [返虚],返虚,天陨环域上空的浮山每九年降低一次，借星门大桥末端的临时虹桥进入。,倒悬星宫: 虹桥接入上下颠倒的庭院 (化神至返虚)；1. 落星庭 [化神] — 虹桥接入上下颠倒的庭院 → 2. 倒置回廊 [化神] — 门与窗连接不同朝向的回廊 → 3. 无重书库 [返虚] — 书卷悬浮，倒立才能读出文字 → 4. 星宫中枢 [返虚] — 中枢灵台连接四处锚点,FALSE,区域秘境；未列为大陆重要秘境
星坠大陆,天陨环域,静默矿层,1. 失声矿道 [化神] / 2. 无感作业区 [化神] / 3. 静默工棚 [返虚] / 4. 星髓裂隙 [返虚],返虚,天陨渊外层一条停止出产的旧矿道，进入后声音、传音和部分神识感知依次消失。,静默矿层: 矿轨深入无声石廊，入口灯火可见 (化神至返虚)；1. 失声矿道 [化神] — 矿轨深入无声石廊，入口灯火可见 → 2. 无感作业区 [化神] — 工具自行敲击矿壁，作业者不见 → 3. 静默工棚 [返虚] — 工棚铺位保留撤离前的姿态 → 4. 星髓裂隙 [返虚] — 薄片星髓沿裂缝凝成暗光,FALSE,区域秘境；未列为大陆重要秘境
星坠大陆,神裔圣原,失名祖殿,1. 弃名石阶 [返虚] / 2. 空谱堂 [返虚] / 3. 混血神像廊 [返虚] / 4. 失名祭坛 [返虚],返虚,百氏祖庭最北端，一座从所有族谱中被抹去名称的神殿；只有未被祖谱承认者能主动看见殿门。,失名祖殿: 白阶名牌全部凿空，门对弃名者可见 (返虚)；1. 弃名石阶 [返虚] — 白阶名牌全部凿空，门对弃名者可见 → 2. 空谱堂 [返虚] — 空白谱卷在掌心短暂显字 → 3. 混血神像廊 [返虚] — 神像呈现不同血脉的混合形貌 → 4. 失名祭坛 [返虚] — 祭坛留着被逐者的集体手印,FALSE,区域秘境；未列为大陆重要秘境
星坠大陆,神裔圣原,照魂天池,1. 映身浅滩 [化神] / 2. 欲念镜湖 [化神] / 3. 旧誓冰层 [化神] / 4. 天池泉眼 [化神],化神,圣原高处的天池只在无月夜开放，需由一名神族或持有神宫许可者领入。,照魂天池: 浅水照出访客最满意的容貌 (化神)；1. 映身浅滩 [化神] — 浅水照出访客最满意的容貌 → 2. 欲念镜湖 [化神] — 湖心倒映渴望的伴侣、家族或功业 → 3. 旧誓冰层 [化神] — 冰下重复尚未兑现的旧誓 → 4. 天池泉眼 [化神] — 泉眼映出没有名号的自己,FALSE,区域秘境；未列为大陆重要秘境
星坠大陆,神裔圣原,千面回廊,1. 礼仪面 [返虚] / 2. 血脉面 [返虚] / 3. 众望面 [返虚] / 4. 无面之室 [返虚],返虚,曜天神宫旧址地下，完成神识修行或受神宫邀请者可进入。,千面回廊: 长廊挂满符合身份的礼仪面具 (返虚)；1. 礼仪面 [返虚] — 长廊挂满符合身份的礼仪面具 → 2. 血脉面 [返虚] — 血脉面具许诺纯净无瑕的出身 → 3. 众望面 [返虚] — 众人期待化为齐声赞颂 → 4. 无面之室 [返虚] — 空室不映任何脸，只回响同行者呼唤,FALSE,区域秘境；未列为大陆重要秘境
星坠大陆,九河平原,倒流古渠,1. 逆水闸 [化神] / 2. 百工渠室 [化神] / 3. 错流农田 [化神] / 4. 古渠总枢 [化神],化神,九河枯水期，一段水流逆坡而上的古渠从河床显露；进入时间受水位限制。,倒流古渠: 古渠水流沿石坡逆行 (化神)；1. 逆水闸 [化神] — 古渠水流沿石坡逆行 → 2. 百工渠室 [化神] — 尺规与水工图保存在分流室 → 3. 错流农田 [化神] — 废田同时遭旱涝，田埂暗藏阵眼 → 4. 古渠总枢 [化神] — 总枢连接现实堤阵,FALSE,区域秘境；未列为大陆重要秘境
星坠大陆,九河平原,沉禾城,1. 稻影城门 [元婴] / 2. 无人粮市 [元婴] / 3. 丰年祠 [化神] / 4. 地下种库 [化神],化神,丰穗节前后，某片灵田在夜间变成水面，倒映出沉于地下的古城入口。,沉禾城: 稻影如门，城内仍响起舂米声 (元婴至化神)；1. 稻影城门 [元婴] — 稻影如门，城内仍响起舂米声 → 2. 无人粮市 [元婴] — 粮摊无人，米面不断重现 → 3. 丰年祠 [化神] — 祠堂轮演丰年与灾年分粮 → 4. 地下种库 [化神] — 种库守傀坚持禁止带走种子,FALSE,区域秘境；未列为大陆重要秘境
星坠大陆,九河平原,河伯旧府,1. 迎潮门 [返虚] / 2. 九河案牍库 [返虚] / 3. 水族宴庭 [返虚] / 4. 空缺神座 [返虚],返虚,九河交汇处的深水漩涡，每逢河流改道会短暂连接旧府。,河伯旧府: 水府门吏仍按古河名问路 (返虚)；1. 迎潮门 [返虚] — 水府门吏仍按古河名问路 → 2. 九河案牍库 [返虚] — 案卷记载水税与守河契约 → 3. 水族宴庭 [返虚] — 水族残影依次宴请来客 → 4. 空缺神座 [返虚] — 空座等待新守河者,FALSE,区域秘境；未列为大陆重要秘境
星坠大陆,青岚山域,百草眠谷,1. 睡莲坡 [化神] / 2. 梦药圃 [化神] / 3. 枯荣药屋 [化神] / 4. 草木母床 [化神],化神,每隔五年谷中百草同时休眠，迷雾散开七日；其他时间强行进入会被花粉催眠。,百草眠谷: 睡莲开合如呼吸，浅坡花粉流动 (化神)；1. 睡莲坡 [化神] — 睡莲开合如呼吸，浅坡花粉流动 → 2. 梦药圃 [化神] — 药圃呈现灵兽与病人的片段梦境 → 3. 枯荣药屋 [化神] — 药屋中草木反复枯荣 → 4. 草木母床 [化神] — 母床交缠谷中药根,FALSE,区域秘境；未列为大陆重要秘境
星坠大陆,青岚山域,听剑石林,1. 试音石径 [元婴] / 2. 万锋回谷 [元婴] / 3. 无剑台 [化神] / 4. 守拙石室 [化神],化神,雷雨后，石林会发出类似剑鸣的回声；循与自身心跳一致的鸣声可入。,听剑石林: 石径以高低剑鸣回应脚步 (元婴至化神)；1. 试音石径 [元婴] — 石径以高低剑鸣回应脚步 → 2. 万锋回谷 [元婴] — 谷中重放来客惯用招式 → 3. 无剑台 [化神] — 空台没有剑，周围石锋成阵 → 4. 守拙石室 [化神] — 石室留着古修日用品与札记,FALSE,区域秘境；未列为大陆重要秘境
星坠大陆,青岚山域,云腹洞天,1. 云肺风道 [返虚] / 2. 悬泉药园 [返虚] / 3. 雾中村落 [返虚] / 4. 洞天界壁 [返虚],返虚,青岚最高峰被云海吞没时，可从瀑布背后的风穴进入。,云腹洞天: 洞口风道随云层舒张 (返虚)；1. 云肺风道 [返虚] — 洞口风道随云层舒张 → 2. 悬泉药园 [返虚] — 药园悬泉忽晴忽雨 → 3. 雾中村落 [返虚] — 村民情绪直接化为局部天气 → 4. 洞天界壁 [返虚] — 界壁内阵灵承受全村情绪,FALSE,区域秘境；未列为大陆重要秘境
星坠大陆,万机原,千炉地宫,1. 冷炉廊 [返虚] / 2. 地火分流室 [返虚] / 3. 千炉共鸣阵 [返虚] / 4. 祖炉核心 [返虚],返虚,百炉谷地火衰退时，地下废弃炉门会因压力下降而开启。,千炉地宫: 冷炉层层相连，余火藏在积灰下 (返虚)；1. 冷炉廊 [返虚] — 冷炉层层相连，余火藏在积灰下 → 2. 地火分流室 [返虚] — 分流室阀门多处断裂 → 3. 千炉共鸣阵 [返虚] — 千炉同时鸣响形成热浪 → 4. 祖炉核心 [返虚] — 祖炉火种维系主火脉,FALSE,区域秘境；未列为大陆重要秘境
星坠大陆,万机原,自鸣废城,1. 空宅街区 [化神] / 2. 自演市集 [化神] / 3. 傀儡议堂 [化神] / 4. 城主工坊 [化神],化神,万机原风暴过后，废城的钟楼会自行鸣响，城门随之开启一夜。,自鸣废城: 傀儡照时起居，却有许多空宅 (化神)；1. 空宅街区 [化神] — 傀儡照时起居，却有许多空宅 → 2. 自演市集 [化神] — 市集交易没有主人领取的物品 → 3. 傀儡议堂 [化神] — 傀儡议员反复议论早已过期的法令 → 4. 城主工坊 [化神] — 工坊主令维系整座废城循环,FALSE,区域秘境；未列为大陆重要秘境
星坠大陆,万机原,无主机藏,1. 需求厅 [合体] / 2. 万用机库 [合体] / 3. 主人认证场 [合体] / 4. 无主核心 [合体],合体,没有固定入口；机藏会主动在需要某件机关的人附近出现，并以实现愿望作为邀请。,无主机藏: 空厅询问来客最想解决的难题 (合体)；1. 需求厅 [合体] — 空厅询问来客最想解决的难题 → 2. 万用机库 [合体] — 机库陈列满足不同愿望的器具 → 3. 主人认证场 [合体] — 认证阵选出最合格的操纵者 → 4. 无主核心 [合体] — 核心持续寻找绝对完美的命令,TRUE,正式总览明确列入重要秘境
星坠大陆,烟水云泽,留梦画舫,1. 迎客舱 [化神] / 2. 百梦宴 [化神] / 3. 私忆回廊 [化神] / 4. 船主空室 [化神],化神,只在雨夜靠岸，没有固定航线；持有一段想要忘却的记忆即可登船。,留梦画舫: 画舫迎客，以一段遗憾作船资 (化神)；1. 迎客舱 [化神] — 画舫迎客，以一段遗憾作船资 → 2. 百梦宴 [化神] — 席间演出他人售出的记忆 → 3. 私忆回廊 [化神] — 回廊房门分别通向私人往事 → 4. 船主空室 [化神] — 空室只有一面记录转售的水镜,FALSE,区域秘境；未列为大陆重要秘境
星坠大陆,烟水云泽,沉月戏台,1. 后台妆阁 [元婴] / 2. 水下观众席 [元婴] / 3. 四折旧戏 [化神] / 4. 未写结局 [化神],化神,湖水退至最低时，水下古戏台露出；登台者必须先抽取一个角色签。,沉月戏台: 后台衣箱与角色签成对摆放 (元婴至化神)；1. 后台妆阁 [元婴] — 后台衣箱与角色签成对摆放 → 2. 水下观众席 [元婴] — 沉水席上观众等待旧戏开始 → 3. 四折旧戏 [化神] — 旧戏要求重演相负与离散 → 4. 未写结局 [化神] — 末折无词，台口潮水上涨,FALSE,区域秘境；未列为大陆重要秘境
星坠大陆,烟水云泽,无岸芦洲,1. 迷舟水道 [返虚] / 2. 芦中人家 [返虚] / 3. 无岸集市 [返虚] / 4. 雾心古树 [返虚],返虚,烟水大雾中失去所有岸上参照后出现；越急于靠岸，芦洲越远。,无岸芦洲: 芦苇水道反复指回同一座屋 (返虚)；1. 迷舟水道 [返虚] — 芦苇水道反复指回同一座屋 → 2. 芦中人家 [返虚] — 人家热情认来客为故人 → 3. 无岸集市 [返虚] — 集市以旧物交换留下资格 → 4. 雾心古树 [返虚] — 古树根系连着不同水域,FALSE,区域秘境；未列为大陆重要秘境
星坠大陆,长风牧野,风葬王庭,1. 空帐门 [返虚] / 2. 英灵宴地 [返虚] / 3. 王座争辩场 [返虚] / 4. 风葬天井 [返虚],返虚,大风掀开草地下的白石门时显现；携带旧王庭信物者可在无风时进入。,风葬王庭: 旧王庭空帐迎风立于地下 (返虚)；1. 空帐门 [返虚] — 旧王庭空帐迎风立于地下 → 2. 英灵宴地 [返虚] — 诸部英灵轮流邀饮叙功 → 3. 王座争辩场 [返虚] — 王座前辩论何人有权称王 → 4. 风葬天井 [返虚] — 天井贯通草原长风,FALSE,区域秘境；未列为大陆重要秘境
星坠大陆,长风牧野,万蹄梦原,1. 幼兽草甸 [化神] / 2. 逐风群落 [化神] / 3. 猎食之夜 [化神] / 4. 梦原母群 [化神],化神,雷雨季后的花海中，随一匹无主白马奔跑至天地失去边界即可进入。,万蹄梦原: 幼兽无惧来客，在花草间蹒跚 (化神)；1. 幼兽草甸 [化神] — 幼兽无惧来客，在花草间蹒跚 → 2. 逐风群落 [化神] — 群兽以奔跑交换消息 → 3. 猎食之夜 [化神] — 夜间猎食者逼近衰弱群兽 → 4. 梦原母群 [化神] — 母群等待来客决定去留,FALSE,区域秘境；未列为大陆重要秘境
星坠大陆,长风牧野,雷息石林,1. 余电外林 [元婴] / 2. 引雷狭道 [元婴] / 3. 伏雷兽巢 [化神] / 4. 雷息核心 [化神],化神,草原雷暴后，带电石柱排列成门；必须在下一场雷雨前离开。,雷息石林: 带电石柱沿地势排布 (元婴至化神)；1. 余电外林 [元婴] — 带电石柱沿地势排布 → 2. 引雷狭道 [元婴] — 狭道雷击按石柱蓄电轮换 → 3. 伏雷兽巢 [化神] — 伏雷兽盘踞受损石巢 → 4. 雷息核心 [化神] — 核心把攻击化为下一次雷击,FALSE,区域秘境；未列为大陆重要秘境
星坠大陆,南溟海门,沉槎古港,1. 倒港栈桥 [返虚] / 2. 封存仓区 [返虚] / 3. 失事名册厅 [返虚] / 4. 未归旗舰 [返虚],返虚,虚海退潮般的灵压异象出现时，海面下会露出一座倒置港口；需乘小舟从灯塔阴影进入。,沉槎古港: 倒置栈桥悬挂旧港名牌 (返虚)；1. 倒港栈桥 [返虚] — 倒置栈桥悬挂旧港名牌 → 2. 封存仓区 [返虚] — 封仓仍按旧日期轮值 → 3. 失事名册厅 [返虚] — 名册自动登记来客为滞港船员 → 4. 未归旗舰 [返虚] — 旗舰维持最后一次靠港命令,FALSE,区域秘境；未列为大陆重要秘境
星坠大陆,南溟海门,星雾浮岛,1. 雾滩 [化神] / 2. 漂移树林 [化神] / 3. 临时聚落 [化神] / 4. 浮岛心核 [化神],化神,虚海星雾靠近大陆时随机出现，位置每次不同，可由观潮舟宗预测大致航线。,星雾浮岛: 雾滩潮线与登船时不同 (化神)；1. 雾滩 [化神] — 雾滩潮线与登船时不同 → 2. 漂移树林 [化神] — 树林随岛面不断位移 → 3. 临时聚落 [化神] — 临时营中旅人来自不同航期 → 4. 浮岛心核 [化神] — 心核牵引整岛向虚海深处移动,FALSE,区域秘境；未列为大陆重要秘境
星坠大陆,南溟海门,无底潮穴,1. 潮压竖井 [合体] / 2. 无光海层 [合体] / 3. 巨兽遗骨湾 [合体] / 4. 世界裂痕观测点 [合体],合体,南溟外海永久漩涡下方，只有虚海风暴中心短暂平静时才能潜入。,无底潮穴: 竖井潮压随风暴起伏 (合体)；1. 潮压竖井 [合体] — 竖井潮压随风暴起伏 → 2. 无光海层 [合体] — 深层回声伪装同伴传讯 → 3. 巨兽遗骨湾 [合体] — 巨兽遗骨铺满海湾 → 4. 世界裂痕观测点 [合体] — 细小裂痕映出界外压力,FALSE,区域秘境；未列为大陆重要秘境
圣银大陆,天冠圣山,柱根回廊,1. 断谱石门 [外围返虚，深层合体] / 2. 十二根脉廊 [外围返虚，深层合体] / 3. 互证碑室 [外围返虚，深层合体] / 4. 无名柱根 [外围返虚，深层合体],合体,十二柱祖庭下方的封闭石门只在多根天律柱同时发生异常共鸣时显现；需神庭、学宫或银誓同盟授权进入，低阶人员可在外层担任拓录和地面联络。,柱根回廊: 断谱石门 [外围返虚，深层合体] (外围返虚，深层合体。)；1. 断谱石门 [外围返虚，深层合体] → 2. 十二根脉廊 [外围返虚，深层合体] → 3. 互证碑室 [外围返虚，深层合体] → 4. 无名柱根 [外围返虚，深层合体],TRUE,正式总览明确列入重要秘境
圣银大陆,天冠圣山,失序祖廊,1. 错席前庭 [返虚] / 2. 百名回廊 [返虚] / 3. 逆序婚契室 [返虚] / 4. 空白祖像堂 [返虚],返虚,雷暴后，天冠圣山一段废弃祖殿柱廊会与现实道路重叠一夜；只有携带两份互相矛盾族谱的人能保持入口稳定。,失序祖廊: 错席前庭 [返虚] (返虚。)；1. 错席前庭 [返虚] → 2. 百名回廊 [返虚] → 3. 逆序婚契室 [返虚] → 4. 空白祖像堂 [返虚],FALSE,区域秘境；未列为大陆重要秘境
圣银大陆,天冠圣山,融雪空庭,1. 测水阶 [化神至返虚] / 2. 百渠模型厅 [化神至返虚] / 3. 枯泉宴庭 [化神至返虚] / 4. 总闸心室 [化神至返虚],返虚,每逢圣山第一轮大规模融雪，瀑布后会露出一座没有居民的蓄水庭院，入口只维持到当日水位最高时。,融雪空庭: 测水阶 [化神至返虚] (化神至返虚。)；1. 测水阶 [化神至返虚] → 2. 百渠模型厅 [化神至返虚] → 3. 枯泉宴庭 [化神至返虚] → 4. 总闸心室 [化神至返虚],FALSE,区域秘境；未列为大陆重要秘境
圣银大陆,白垣台原,无主誓庭,1. 无席门厅 [合体] / 2. 万声辩场 [合体] / 3. 责任衡廊 [合体] / 4. 无主誓座 [合体],合体,柱环城七柱同时拒绝记录一项大陆决议时，议庭地下会出现一条向下的第八段阶梯；入口需要来自不同公民类型的多人共同留下自愿印记。,无主誓庭: 无席门厅 [合体] (合体。)；1. 无席门厅 [合体] → 2. 万声辩场 [合体] → 3. 责任衡廊 [合体] → 4. 无主誓座 [合体],TRUE,正式总览明确列入重要秘境
圣银大陆,白垣台原,七城倒影场,1. 胜者之门 [化神至返虚] / 2. 七制赛道 [化神至返虚] / 3. 无观众领奖台 [化神至返虚] / 4. 共同退场口 [化神至返虚],返虚,银冠竞技闭幕后，空荡赛场的七面铜镜会映出七座与现实制度不同的柱环城；参赛者、裁判、杂役和观众各持一块退场牌方可进入。,七城倒影场: 胜者之门 [化神至返虚] (化神至返虚。)；1. 胜者之门 [化神至返虚] → 2. 七制赛道 [化神至返虚] → 3. 无观众领奖台 [化神至返虚] → 4. 共同退场口 [化神至返虚],FALSE,区域秘境；未列为大陆重要秘境
圣银大陆,白垣台原,沉默陪审庭,1. 无词证厅 [返虚] / 2. 物证长廊 [返虚] / 3. 立场换席室 [返虚] / 4. 未决裁判台 [返虚],返虚,百卷法院封存的一宗无判决旧案被重新提及时，卷宗架后会出现一座无门法庭；需携带原告、被告与旁观者三类记录。,沉默陪审庭: 无词证厅 [返虚] (返虚。)；1. 无词证厅 [返虚] → 2. 物证长廊 [返虚] → 3. 立场换席室 [返虚] → 4. 未决裁判台 [返虚],FALSE,区域秘境；未列为大陆重要秘境
圣银大陆,琴浪内海,回潮迷宫,1. 潮痕门 [返虚] / 2. 百湾岔路 [返虚] / 3. 牛角回声厅 [返虚] / 4. 中潮航标 [返虚],返虚,内海大退潮时，一座由白色海崖构成的迷宫会从水下升起；入口在下一次涨潮前关闭，路线随同行者携带的航图变化。,回潮迷宫: 潮痕门 [返虚] (返虚。)；1. 潮痕门 [返虚] → 2. 百湾岔路 [返虚] → 3. 牛角回声厅 [返虚] → 4. 中潮航标 [返虚],FALSE,区域秘境；未列为大陆重要秘境
圣银大陆,琴浪内海,无岸赛舟场,1. 起浪线 [化神] / 2. 无风竞道 [化神] / 3. 漂舟救援区 [化神] / 4. 归桨门 [化神],化神,千帆竞渡期间，偏离主赛道的一圈银色浪带会把整支船队带入没有岸线的水域；只有仍保留救援旗的船只能够看见入口。,无岸赛舟场: 起浪线 [化神] (化神。)；1. 起浪线 [化神] → 2. 无风竞道 [化神] → 3. 漂舟救援区 [化神] → 4. 归桨门 [化神],FALSE,区域秘境；未列为大陆重要秘境
圣银大陆,琴浪内海,沉灯船坞,1. 倒影栈桥 [元婴至化神] / 2. 封存修船间 [元婴至化神] / 3. 船名库 [元婴至化神] / 4. 未归灯室 [元婴至化神],化神,一座废弃灯塔在海雾中发出旧归航信号时，其倒影会变成通往水下船坞的阶梯；低阶角色可在退潮外层活动。,沉灯船坞: 倒影栈桥 [元婴至化神] (元婴至化神。)；1. 倒影栈桥 [元婴至化神] → 2. 封存修船间 [元婴至化神] → 3. 船名库 [元婴至化神] → 4. 未归灯室 [元婴至化神],FALSE,区域秘境；未列为大陆重要秘境
圣银大陆,月桂谕谷,未择之泉,1. 无问泉阶 [返虚] / 2. 百愿水面 [返虚] / 3. 分流未来廊 [返虚] / 4. 空杯泉心 [返虚],返虚,无言夜期间，七泉中一眼平时不存在的泉水会在没有人主动求问时出现；越想预知确定答案的人越无法看见它。,未择之泉: 无问泉阶 [返虚] (返虚。)；1. 无问泉阶 [返虚] → 2. 百愿水面 [返虚] → 3. 分流未来廊 [返虚] → 4. 空杯泉心 [返虚],FALSE,区域秘境；未列为大陆重要秘境
圣银大陆,月桂谕谷,百梦诊宫,1. 候诊长廊 [化神] / 2. 交换病室 [化神] / 3. 无脸医案馆 [化神] / 4. 共醒庭 [化神],化神,静梦林中有多人同时做出相同病梦时，一座由月桂枝构成的诊宫会在清晨雾中出现；需至少一名医者与一名梦境当事人同行。,百梦诊宫: 候诊长廊 [化神] (化神。)；1. 候诊长廊 [化神] → 2. 交换病室 [化神] → 3. 无脸医案馆 [化神] → 4. 共醒庭 [化神],FALSE,区域秘境；未列为大陆重要秘境
圣银大陆,月桂谕谷,逆生药园,1. 落果门 [元婴至化神] / 2. 返芽田 [元婴至化神] / 3. 未种花圃 [元婴至化神] / 4. 母土温室 [元婴至化神],化神,百草阶上一片药圃在枯萎季反而盛开时出现入口；只携带普通种子而非成熟灵药者能进入核心。,逆生药园: 落果门 [元婴至化神] (元婴至化神。)；1. 落果门 [元婴至化神] → 2. 返芽田 [元婴至化神] → 3. 未种花圃 [元婴至化神] → 4. 母土温室 [元婴至化神],FALSE,区域秘境；未列为大陆重要秘境
圣银大陆,丰穗丘原,无尽宴席,1. 空席桌首 [化神] / 2. 丰年百味廊 [化神] / 3. 不散宾席 [化神] / 4. 最后一仓 [化神],化神,丰穗祭后，最后一张公共长桌若仍为未归者留有食物，午夜会延伸成看不见尽头的宴席；饥饿者与负责分食者会看到不同入口。,无尽宴席: 空席桌首 [化神] (化神。)；1. 空席桌首 [化神] → 2. 丰年百味廊 [化神] → 3. 不散宾席 [化神] → 4. 最后一仓 [化神],FALSE,区域秘境；未列为大陆重要秘境
圣银大陆,丰穗丘原,失水古渠,1. 零水闸 [元婴至化神] / 2. 逆坡渠室 [元婴至化神] / 3. 百村分流盘 [元婴至化神] / 4. 封名水源 [元婴至化神],化神,三谷水表在现实有水却同时读为零时，一段古渠会从干涸河床显现；入口持续到下一次正常放水。,失水古渠: 零水闸 [元婴至化神] (元婴至化神。)；1. 零水闸 [元婴至化神] → 2. 逆坡渠室 [元婴至化神] → 3. 百村分流盘 [元婴至化神] → 4. 封名水源 [元婴至化神],FALSE,区域秘境；未列为大陆重要秘境
圣银大陆,丰穗丘原,蜜王旧仓,1. 空巢坡 [化神] / 2. 花粉账室 [化神] / 3. 蜜蜡人廊 [化神] / 4. 冬粮核心 [化神],化神,丘原蜜蜂连续数日不归巢时，一座埋在花田下的石仓会散出甜香；不携明火者才能通过蜂门。,蜜王旧仓: 空巢坡 [化神] (化神。)；1. 空巢坡 [化神] → 2. 花粉账室 [化神] → 3. 蜜蜡人廊 [化神] → 4. 冬粮核心 [化神],FALSE,区域秘境；未列为大陆重要秘境
圣银大陆,赤陶火岭,自名铸城,1. 无署工门 [返虚] / 2. 自作长街 [返虚] / 3. 主人认证炉 [返虚] / 4. 万器自名庭 [返虚],返虚,器灵自名日后，百工署名墙上出现一批从未有人刻下的名字时，墙后会展开一座持续自行生产的地下工城。,自名铸城: 无署工门 [返虚] (返虚。)；1. 无署工门 [返虚] → 2. 自作长街 [返虚] → 3. 主人认证炉 [返虚] → 4. 万器自名庭 [返虚],FALSE,区域秘境；未列为大陆重要秘境
圣银大陆,赤陶火岭,千窑地心,1. 冷窑阶 [返虚] / 2. 地火分流室 [返虚] / 3. 百炉共压廊 [返虚] / 4. 地心总阀 [返虚],返虚,赤陶火岭地火连续衰弱时，千窑坡最冷的一座废窑会向下开启；进入者需携带冷水、普通陶土和停炉许可。,千窑地心: 冷窑阶 [返虚] (返虚。)；1. 冷窑阶 [返虚] → 2. 地火分流室 [返虚] → 3. 百炉共压廊 [返虚] → 4. 地心总阀 [返虚],FALSE,区域秘境；未列为大陆重要秘境
圣银大陆,赤陶火岭,玻璃剧宫,1. 彩窗后台 [化神] / 2. 折光观众席 [化神] / 3. 熔景四幕 [化神] / 4. 未定谢幕厅 [化神],化神,熔金剧场演出一出已失传结局的古剧时，舞台后的彩色玻璃会变成可穿过的宫门；演员与工匠都必须留在场内维持入口。,玻璃剧宫: 彩窗后台 [化神] (化神。)；1. 彩窗后台 [化神] → 2. 折光观众席 [化神] → 3. 熔景四幕 [化神] → 4. 未定谢幕厅 [化神],FALSE,区域秘境；未列为大陆重要秘境
圣银大陆,苍角牧原,万冠竞技场,1. 冠军名门 [返虚] / 2. 独胜赛道 [返虚] / 3. 无名后勤廊 [返虚] / 4. 共冠台 [返虚],返虚,银冠赛事出现无人完成的救援项目时，夜间空赛场会延伸成一座刻满历代胜者名字的古竞技场；参赛者和后勤人员都能进入。,万冠竞技场: 冠军名门 [返虚] (返虚。)；1. 冠军名门 [返虚] → 2. 独胜赛道 [返虚] → 3. 无名后勤廊 [返虚] → 4. 共冠台 [返虚],FALSE,区域秘境；未列为大陆重要秘境
圣银大陆,苍角牧原,风葬战车道,1. 折轮起点 [化神] / 2. 逆风直道 [化神] / 3. 无驾战车群 [化神] / 4. 风葬终坡 [化神],化神,牧原雷雨过后，一条被草地掩埋的白石车道会在东望断崖前显现；只有带着损坏车轮或旧赛事信物者能进入。,风葬战车道: 折轮起点 [化神] (化神。)；1. 折轮起点 [化神] → 2. 逆风直道 [化神] → 3. 无驾战车群 [化神] → 4. 风葬终坡 [化神],FALSE,区域秘境；未列为大陆重要秘境
圣银大陆,苍角牧原,无泉牧原,1. 干泉营地 [元婴至化神] / 2. 迁徙岔原 [元婴至化神] / 3. 空湖兽群 [元婴至化神] / 4. 地下泉约台 [元婴至化神],化神,一处公共泉眼在现实中无故干涸时，附近草原会在黄昏重叠出一片没有任何水源的旧牧地；携带共享水囊者可进入。,无泉牧原: 干泉营地 [元婴至化神] (元婴至化神。)；1. 干泉营地 [元婴至化神] → 2. 迁徙岔原 [元婴至化神] → 3. 空湖兽群 [元婴至化神] → 4. 地下泉约台 [元婴至化神],FALSE,区域秘境；未列为大陆重要秘境
灵境大陆,芳洲沃野,留春旧苑,四阶段；推荐范围：外围化神，核心返虚；四阶段线性，第三阶段可选择先修苗床或先查档，但两项信息均影响最终方案。；未逐阶段单独定级,返虚,芳洲南缘一处封存旧园，位于公共花市之外；春季检修时由百卉与四时观共同开启外门，内门须另获调查许可。,留春旧苑: 停候花径〔化神〕：花枝依旧历反复抽芽 (外围化神，核心返虚；四阶段线性，第三阶段可选择先修苗床或先查档，但两项信息均影响最终方案。)；1. 停候花径〔化神〕：花枝依旧历反复抽芽 → 2. 并渠苗床〔化神〕：三套灌溉阵争用同一水脉 → 3. 守园档室〔返虚〕：旧阵枢仍按过期供养记录运行 → 4. 留春根台〔返虚〕：多代修补叠压在旧根基上,TRUE,正式总览明确列入重要秘境
灵境大陆,芳洲沃野,织雨藏楼,四阶段；推荐范围：筑基至金丹；四阶段线性，适合工艺与家庭记忆题材。；未逐阶段单独定级,金丹,芳津城旧织坊地下的封存楼层，完成结构检查后由产权人委托开启；不与织雨坊现有住宅相连开放。,织雨藏楼: 旧料间〔筑基〕：受潮丝轴堆叠 (筑基至金丹；四阶段线性，适合工艺与家庭记忆题材。)；1. 旧料间〔筑基〕：受潮丝轴堆叠 → 2. 引线廊〔筑基〕：自动牵线机关仍运转 → 3. 雨纹织室〔金丹〕：储存雨气的阵梭失衡 → 4. 未交绣柜〔金丹〕：最后一批衣料被守柜禁制封存,FALSE,区域秘境；未列为大陆重要秘境
灵境大陆,芳洲沃野,芦堤旧仓,四阶段；推荐范围：金丹至元婴；四阶段线性。；未逐阶段单独定级,元婴,芳河旧堤背面的废粮仓，枯水检堤时显露下层门道，必须在水位回升前退出。,芦堤旧仓: 泥封仓道〔金丹〕：淤泥掩住地板 (金丹至元婴；四阶段线性。)；1. 泥封仓道〔金丹〕：淤泥掩住地板 → 2. 逆湿粮廊〔金丹〕：吸湿阵把水集中到错误隔间 → 3. 根侵种室〔元婴〕：未开智藤木侵入种柜 → 4. 两岸账台〔元婴〕：旧闸与仓阵共用阵心,FALSE,区域秘境；未列为大陆重要秘境
灵境大陆,叠翠千山,千候回廊,四阶段；推荐范围：返虚至合体；前两段线性，第三段允许以修阵或取样两种方式获得结尾所需证据。；未逐阶段单独定级,合体,分泉岭试候小谷后方的上古观测遗址，霜融交替时路径可测；四时观主持勘察许可，入口不在观中日常课堂内。,千候回廊: 四向候门〔返虚〕：相邻门道温湿差极大 (返虚至合体；前两段线性，第三段允许以修阵或取样两种方式获得结尾所需证据。)；1. 四向候门〔返虚〕：相邻门道温湿差极大 → 2. 错季样圃〔返虚〕：各床处于不同生长周期 → 3. 层叠阵廊〔合体〕：多代阵路相互牵引 → 4. 无定候台〔合体〕：中央台呈现数种未来物候推演,TRUE,正式总览明确列入重要秘境
灵境大陆,叠翠千山,听雨空庵,四阶段；推荐范围：金丹至元婴；四阶段线性。；未逐阶段单独定级,元婴,听雨栈上方的废弃山庵，连雨后支路显露；向导须先确认落石情况，庵内封存区另设门槛。,听雨空庵: 滑苔阶〔金丹〕：旧石阶断续 (金丹至元婴；四阶段线性。)；1. 滑苔阶〔金丹〕：旧石阶断续 → 2. 回声檐〔金丹〕：雨声经空腔放大 → 3. 断弦堂〔元婴〕：旧琴阵不断重放一段音阶 → 4. 后山茶室〔元婴〕：茶室被残阵护住,FALSE,区域秘境；未列为大陆重要秘境
灵境大陆,叠翠千山,眠根药窟,四阶段；推荐范围：元婴至化神；四阶段线性。；未逐阶段单独定级,化神,素问山外一条封存采药道，菌生季结束后开放短期勘采，需持采药许可并避开现有药园。,眠根药窟: 落菌前坡〔元婴〕：药粉积在石缝 (元婴至化神；四阶段线性。)；1. 落菌前坡〔元婴〕：药粉积在石缝 → 2. 盘根温洞〔元婴〕：粗根封住温水支流 → 3. 休眠药床〔化神〕：古灵药处于缓慢生长期 → 4. 旧医小室〔化神〕：封柜中留病案和药具,FALSE,区域秘境；未列为大陆重要秘境
灵境大陆,白璧山原,璧下泉宫,四阶段；推荐范围：化神至返虚；四阶段线性。；未逐阶段单独定级,返虚,璧泉城公共水眼之外的废支洞，枯水期由泉务署和衡岳共同开封，现用水道不对探索队开放。,璧下泉宫: 测水石廊〔化神〕：旧刻度被沉积覆盖 (化神至返虚；四阶段线性。)；1. 测水石廊〔化神〕：旧刻度被沉积覆盖 → 2. 三井分室〔化神〕：三条水脉相互串流 → 3. 玉根穹厅〔返虚〕：玉脉承受岩层重量 → 4. 旧泉枢座〔返虚〕：废枢仍牵连部分地下水系,FALSE,区域秘境；未列为大陆重要秘境
灵境大陆,白璧山原,无声刻窟,四阶段；推荐范围：元婴至化神；四阶段线性。；未逐阶段单独定级,化神,照壁书窟外山的封存石刻洞，风向转北时可听出空壁位置，需勘测后拆除外封。,无声刻窟: 空壁前室〔元婴〕：墙面文字磨平 (元婴至化神；四阶段线性。)；1. 空壁前室〔元婴〕：墙面文字磨平 → 2. 重刻甬道〔元婴〕：多层刻文彼此覆盖 → 3. 共鸣石室〔化神〕：声音唤起旧石阵 → 4. 留白碑台〔化神〕：缺页碑架连接剩余阵心,FALSE,区域秘境；未列为大陆重要秘境
灵境大陆,白璧山原,断脊旧矿,四阶段；推荐范围：金丹至元婴；四阶段线性。；未逐阶段单独定级,元婴,白璧北部废矿的独立井口，衡岳确认无在用作业队后接受勘察委托，禁止擅入现用矿道。,断脊旧矿: 废轨井〔金丹〕：矿车轨断裂 (金丹至元婴；四阶段线性。)；1. 废轨井〔金丹〕：矿车轨断裂 → 2. 暗尘层〔金丹〕：粉尘密布 → 3. 岩蜥巢道〔元婴〕：未开智妖兽占据旧休息室 → 4. 承梁底仓〔元婴〕：仓中补梁材料被倾斜岩层压住,FALSE,区域秘境；未列为大陆重要秘境
灵境大陆,栖霞丹壑,七焰废窑,四阶段；推荐范围：化神至返虚；四阶段线性。；未逐阶段单独定级,返虚,七泉阶东侧停用的古窑群，与现用窑宗火道隔离后才能入内，入口由分火堂管理。,七焰废窑: 冷灰料场〔化神〕：灰层下有未熄火点 (化神至返虚；四阶段线性。)；1. 冷灰料场〔化神〕：灰层下有未熄火点 → 2. 分焰室〔化神〕：七支火道余压不同 → 3. 釉烟长廊〔返虚〕：残留灵釉蒸气聚集 → 4. 祖炉隔间〔返虚〕：旧炉身裂缝牵连封火阵,FALSE,区域秘境；未列为大陆重要秘境
灵境大陆,栖霞丹壑,丹香封庐,四阶段；推荐范围：元婴至化神；四阶段线性。；未逐阶段单独定级,化神,温泉背坡的无主旧药庐，药气退至安全范围才由素问山主持勘验，不能作为公共汤舍进入。,丹香封庐: 药香院〔元婴〕：不同香气交替飘散 (元婴至化神；四阶段线性。)；1. 药香院〔元婴〕：不同香气交替飘散 → 2. 冷热药柜〔元婴〕：柜阵冷热倒置 → 3. 拟声诊室〔化神〕：旧诊阵模拟病人声音 → 4. 温养丹龛〔化神〕：丹龛中可能有正在形成意识的丹核,FALSE,区域秘境；未列为大陆重要秘境
灵境大陆,栖霞丹壑,沉釉泉眼,四阶段；推荐范围：金丹至元婴；四阶段线性。；未逐阶段单独定级,元婴,霞溪支谷的一处废采釉坑，旱季泉面降低后出现下行石阶，与饮用泉隔开。,沉釉泉眼: 彩泥滩〔金丹〕：表面坚硬、下层浮泥 (金丹至元婴；四阶段线性。)；1. 彩泥滩〔金丹〕：表面坚硬、下层浮泥 → 2. 回温石阶〔金丹〕：泉温周期上升 → 3. 晶壳潭〔元婴〕：矿晶薄壳盖住涌泉 → 4. 沉釉底室〔元婴〕：旧矿桶堵住出水口,FALSE,区域秘境；未列为大陆重要秘境
灵境大陆,镜泊烟汀,倒泊船坞,四阶段；推荐范围：元婴至化神；四阶段线性。；未逐阶段单独定级,化神,镜泊废湾沉船坞，低水位时露出上层支架，水府检查后开放勘察；非现用船坞。,倒泊船坞: 斜栈桥〔元婴〕：桥板向水下倾斜 (元婴至化神；四阶段线性。)；1. 斜栈桥〔元婴〕：桥板向水下倾斜 → 2. 反压坞门〔元婴〕：内外水压失衡 → 3. 旧舟装配间〔化神〕：维修机傀按旧令抓取一切可动目标 → 4. 龙骨架〔化神〕：优质旧舟材承担残屋重量,FALSE,区域秘境；未列为大陆重要秘境
灵境大陆,镜泊烟汀,雾汀失渡,四阶段；推荐范围：金丹至元婴；四阶段线性。；未逐阶段单独定级,元婴,镜泊东岸废渡口外的季节雾区，雾潮沿三处旧灯标连成水道时可入，须准备系泊退路。,雾汀失渡: 无岸浅湾〔金丹〕：近岸被浓雾遮住 (金丹至元婴；四阶段线性。)；1. 无岸浅湾〔金丹〕：近岸被浓雾遮住 → 2. 双灯岔汊〔金丹〕：光经水雾折射成两处 → 3. 废亭风阵〔元婴〕：残阵反复鼓雾 → 4. 旧渡埠〔元婴〕：遗物浸在涨水泊室,FALSE,区域秘境；未列为大陆重要秘境
灵境大陆,镜泊烟汀,莲根水府,四阶段；推荐范围：化神至返虚；四阶段线性。；未逐阶段单独定级,返虚,湖中废弃种莲圃下的旧修士洞府，秋季清淤显门，进入前须避开正常鱼汛区。,莲根水府: 根网水廊〔化神〕：粗根掩盖石门 (化神至返虚；四阶段线性。)；1. 根网水廊〔化神〕：粗根掩盖石门 → 2. 守塘兽池〔化神〕：未开智水兽在残阵下聚集 → 3. 蓄水丹房〔返虚〕：净水阵吸取过多周围灵力 → 4. 潜泉台〔返虚〕：主台连接旧湖底泉脉,FALSE,区域秘境；未列为大陆重要秘境
灵境大陆,百花深林,藏种古园,四阶段；推荐范围：元婴至化神；四阶段线性。；未逐阶段单独定级,化神,千种圃外的独立封存园，百卉整理旧谱后按许可开启，日常药圃并非秘境入口。,藏种古园: 弃苗坡〔元婴〕：不同野生苗根交错 (元婴至化神；四阶段线性。)；1. 弃苗坡〔元婴〕：不同野生苗根交错 → 2. 三层种柜〔元婴〕：湿度阵错配 → 3. 旧园病圃〔化神〕：病株与健康株难辨 → 4. 留种房〔化神〕：守房阵只认旧登记格式,FALSE,区域秘境；未列为大陆重要秘境
灵境大陆,百花深林,菌灯暗河,四阶段；推荐范围：筑基至金丹；四阶段线性。；未逐阶段单独定级,金丹,花隐集外落花溪下游的地下支河，连续晴日后水位允许进入，非当地日用菌园。,菌灯暗河: 湿根洞口〔筑基〕：根须遮住浅坑 (筑基至金丹；四阶段线性。)；1. 湿根洞口〔筑基〕：根须遮住浅坑 → 2. 明暗菌岸〔筑基〕：菌光引来成群小虫 → 3. 涨落石桥〔金丹〕：桥下水流间歇变急 → 4. 老菌棚〔金丹〕：残余保湿阵困住气流,FALSE,区域秘境；未列为大陆重要秘境
灵境大陆,百花深林,落英眠庭,四阶段；推荐范围：化神至返虚；四阶段线性。；未逐阶段单独定级,返虚,醒春亭外古林中的废修养院，落叶最盛时显出旧围墙缺口，林社请百卉确认后放行。,落英眠庭: 花尘前院〔化神〕：枯花仍释放安神气息 (化神至返虚；四阶段线性。)；1. 花尘前院〔化神〕：枯花仍释放安神气息 → 2. 轮歇居室〔化神〕：旧阵按多人轮休运行 → 3. 相生根池〔返虚〕：根系与残阵相互维持 → 4. 醒春后庭〔返虚〕：最后储能维持空院常春,FALSE,区域秘境；未列为大陆重要秘境
灵境大陆,长晴丘陵,封坛旧窖,四阶段；推荐范围：筑基至金丹；四阶段线性。；未逐阶段单独定级,金丹,晴酿城外停用山窖，雨季结束且酒气可控后由产权人委托开封；现售酒坊正常营业。,封坛旧窖: 松土窖门〔筑基〕：门楣下沉 (筑基至金丹；四阶段线性。)；1. 松土窖门〔筑基〕：门楣下沉 → 2. 醉香廊〔筑基〕：挥发酒气聚集 → 3. 失衡酿室〔金丹〕：发酵阵不停加温 → 4. 留年深柜〔金丹〕：封存柜连着旧地窖防潮阵,FALSE,区域秘境；未列为大陆重要秘境
灵境大陆,长晴丘陵,蜜蜡岩庭,四阶段；推荐范围：金丹至元婴；四阶段线性。；未逐阶段单独定级,元婴,百香驿远郊废养蜂台后的岩洞，蜂群季节迁出后可在养蜂师引导下入内。,蜜蜡岩庭: 弃箱坡〔金丹〕：残箱仍有护巢蜂 (金丹至元婴；四阶段线性。)；1. 弃箱坡〔金丹〕：残箱仍有护巢蜂 → 2. 蜡封石缝〔金丹〕：蜡层掩住脆石 → 3. 花粉囊室〔元婴〕：多种花粉积存 → 4. 养蜂古台〔元婴〕：残阵改变了局部风向,FALSE,区域秘境；未列为大陆重要秘境
灵境大陆,长晴丘陵,风孔石苑,四阶段；推荐范围：元婴至化神；四阶段线性。；未逐阶段单独定级,化神,共泉塘上游废石渠旁的风蚀石谷，长风转弱时可进入，取道不得损坏当前引水渠。,风孔石苑: 鸣孔谷口〔元婴〕：孔洞放大风声 (元婴至化神；四阶段线性。)；1. 鸣孔谷口〔元婴〕：孔洞放大风声 → 2. 飘砂长坡〔元婴〕：细砂随回流扬起 → 3. 倒灌旧渠〔化神〕：风压推动渠水逆流 → 4. 石苑中庭〔化神〕：旧导风石列仍有储能,FALSE,区域秘境；未列为大陆重要秘境
灵境大陆,听潮海阶,阶下旧埠,四阶段；推荐范围：化神至返虚；四阶段线性。；未逐阶段单独定级,返虚,泊霞港现用河埠下游的废崖洞码头，低水与低灵压同时出现时由驻港堂带队勘察。,阶下旧埠: 潮痕洞门〔化神〕：潮线掩盖洞顶裂缝 (化神至返虚；四阶段线性。)；1. 潮痕洞门〔化神〕：潮线掩盖洞顶裂缝 → 2. 倾仓栈道〔化神〕：仓箱压住变形栈桥 → 3. 混货封室〔返虚〕：不相容灵材相邻存放 → 4. 旧灯基台〔返虚〕：残灯阵与外缘风压相连,FALSE,区域秘境；未列为大陆重要秘境
灵境大陆,听潮海阶,浮雾舟场,四阶段；推荐范围：返虚；四阶段线性，离场时间以实测漂移为准。；未逐阶段单独定级,返虚,大陆外缘附近一块周期漂近的残舟浮台，需飞舟护送并设置返航标记，不可从岸边游泳前往。,浮雾舟场: 系舟残桥〔返虚〕：残桥与浮台各自晃动 (返虚；四阶段线性，离场时间以实测漂移为准。)；1. 系舟残桥〔返虚〕：残桥与浮台各自晃动 → 2. 雾中散架〔返虚〕：旧船骨遮蔽视线 → 3. 游兽盘桅〔返虚〕：虚海游兽借桅架休息 → 4. 浮台旧舱〔返虚〕：舱中余阵维持部分浮力,FALSE,区域秘境；未列为大陆重要秘境
灵境大陆,听潮海阶,海崖藏风洞,四阶段；推荐范围：返虚至合体；四阶段线性，高阶核心可只做远距观测。；未逐阶段单独定级,合体,归帆灯台之外的独立海崖裂洞，虚海风压短暂平稳时开启勘察窗口，需水府高阶队伍建立锚点。,海崖藏风洞: 逆风石口〔返虚〕：裂隙形成反向气流 (返虚至合体；四阶段线性，高阶核心可只做远距观测。)；1. 逆风石口〔返虚〕：裂隙形成反向气流 → 2. 间歇空腔〔返虚〕：岩腔交替吸吐气流 → 3. 断层阵壁〔合体〕：上古护崖阵与断裂地层相叠 → 4. 藏风观测台〔合体〕：深层异常可能来自地势、旧阵或外部灵压变化,FALSE,区域秘境；未列为大陆重要秘境
万兽大陆,霜牙高原,眠雪旧仓,四阶段；推荐范围：筑基至金丹；未逐阶段单独定级,金丹,封眠坡北侧支谷的废弃越冬仓，春融露出半埋木门时可入；需先报北山院确认外围雪坡稳定。,眠雪旧仓: 雪埋门廊·筑基 (筑基至金丹)；1. 雪埋门廊·筑基 → 2. 分食架库·筑基 → 3. 封眠廊·金丹 → 4. 共仓炉室·金丹,FALSE,区域秘境；未列为大陆重要秘境
万兽大陆,霜牙高原,回蹄冰谷,四阶段；推荐范围：化神至返虚；未逐阶段单独定级,返虚,回声雪口东侧冰谷，暖季冰壁裂出通道时开放；狼砚行可协助辨认外围旧标。,回蹄冰谷: 叠蹄坡·化神 (化神至返虚)；1. 叠蹄坡·化神 → 2. 双回冰门·化神 → 3. 旧饮水台·返虚 → 4. 冰底古道·返虚,FALSE,区域秘境；未列为大陆重要秘境
万兽大陆,霜牙高原,暖脉石宫,四阶段；推荐范围：返虚；未逐阶段单独定级,返虚,暖川上游温泉支谷地下，地热压力回落时显出检修石门，须由北山院核准进入。,暖脉石宫: 汽雾石阶·返虚 (返虚)；1. 汽雾石阶·返虚 → 2. 三泉分室·返虚 → 3. 休养旧殿·返虚 → 4. 暖脉主枢·返虚,FALSE,区域秘境；未列为大陆重要秘境
万兽大陆,丹霞千窟,无风羽庭,四阶段；推荐范围：金丹至元婴；未逐阶段单独定级,元婴,丹翎城外一座封闭崖庭，季节风停歇时可通过旧悬桥进入，千翎崖确认桥况后允许试炼。,无风羽庭: 落羽桥·金丹 (金丹至元婴)；1. 落羽桥·金丹 → 2. 等重庭·金丹 → 3. 断阶风井·元婴 → 4. 无翼讲席·元婴,FALSE,区域秘境；未列为大陆重要秘境
万兽大陆,丹霞千窟,千声画窟,四阶段；推荐范围：化神；未逐阶段单独定级,化神,赤壁画廊以北旧窟，强雨洗去封口砂层后短暂可见，由记事师登记进出。,千声画窟: 赤壁门室·化神 (化神)；1. 赤壁门室·化神 → 2. 百口回廊·化神 → 3. 重绘内壁·化神 → 4. 空席画室·化神,FALSE,区域秘境；未列为大陆重要秘境
万兽大陆,丹霞千窟,折空巢台,四阶段；推荐范围：返虚至合体；未逐阶段单独定级,合体,千翎崖外侧高空遗台，风候院测得稳定窗口后由高阶队伍接驳。,折空巢台: 漂羽锚台·返虚 (返虚至合体)；1. 漂羽锚台·返虚 → 2. 错向巢廊·返虚 → 3. 风雷残巢·合体 → 4. 折空主台·合体,FALSE,区域秘境；未列为大陆重要秘境
万兽大陆,青萝叠嶂,百脉回声窟,四阶段；推荐范围：外围化神、深层合体；未逐阶段单独定级,合体,九曲丘后山独立支谷，血脉共鸣扰动时旧岩门显纹；需族庭许可和跨族记录人员共同进入。,百脉回声窟: 族纹外壁·化神 (外围化神、深层合体)；1. 族纹外壁·化神 → 2. 异祖回廊·返虚 → 3. 共忆石厅·合体 → 4. 无主回声心·合体,TRUE,正式总览明确列入重要秘境
万兽大陆,青萝叠嶂,失园药圃,四阶段；推荐范围：金丹至元婴；未逐阶段单独定级,元婴,回芳谷西侧旧支园，雾散露出石渠时可从园墙缺口进入；先由药圃师确认花粉情况。,失园药圃: 混种前畦·金丹 (金丹至元婴)；1. 混种前畦·金丹 → 2. 异身药棚·金丹 → 3. 共根温室·元婴 → 4. 枯泉种库·元婴,FALSE,区域秘境；未列为大陆重要秘境
万兽大陆,青萝叠嶂,枝上旧家,四阶段；推荐范围：化神；未逐阶段单独定级,化神,百桥岭一棵古树上方的封存宅群，修桥时发现旧升台；须获得管理山城同意。,枝上旧家: 根下门籍·化神 (化神)；1. 根下门籍·化神 → 2. 枝间客室·化神 → 3. 家树藏室·化神 → 4. 冠顶归宴台·化神,FALSE,区域秘境；未列为大陆重要秘境
万兽大陆,百川沃野,万行古道庭,四阶段；推荐范围：外围返虚、深层合体；未逐阶段单独定级,合体,百川西南古兽道交汇丘下，兽群通行后旧地标显露；山泽会馆组织勘察，镇岳山盟保障外围。,万行古道庭: 万迹门坪·返虚 (外围返虚、深层合体)；1. 万迹门坪·返虚 → 2. 四候水站·返虚 → 3. 大小分行廊·合体 → 4. 共路议庭·合体,TRUE,正式总览明确列入重要秘境
万兽大陆,百川沃野,三层沉仓,四阶段；推荐范围：筑基至金丹；未逐阶段单独定级,金丹,会川城外旧河湾，退水后露出三层仓院上门；地方官署登记遗物与粮种归属。,三层沉仓: 泥埋外院·筑基 (筑基至金丹)；1. 泥埋外院·筑基 → 2. 分食高架·筑基 → 3. 水下底仓·金丹 → 4. 底井闸台·金丹,FALSE,区域秘境；未列为大陆重要秘境
万兽大陆,百川沃野,无图渠室,四阶段；推荐范围：化神至返虚；未逐阶段单独定级,返虚,通壤城边缘旧维修道，地下水异常退落后开启；城盟与百川国联合勘验。,无图渠室: 无标岔渠·化神 (化神至返虚)；1. 无标岔渠·化神 → 2. 上下水厅·化神 → 3. 旧承重室·返虚 → 4. 盲渠主枢·返虚,FALSE,区域秘境；未列为大陆重要秘境
万兽大陆,赤砾长原,咸月井城,四阶段；推荐范围：金丹至元婴；未逐阶段单独定级,元婴,百井道西侧盐湖旧城，旱季盐壳裂开显露井阶；驿盟确认外部盐壳稳定后可入。,咸月井城: 盐壳阶·金丹 (金丹至元婴)；1. 盐壳阶·金丹 → 2. 月影蓄池·金丹 → 3. 井城居廊·元婴 → 4. 双水泉芯·元婴,FALSE,区域秘境；未列为大陆重要秘境
万兽大陆,赤砾长原,百蜇蜕室,四阶段；推荐范围：化神至返虚；未逐阶段单独定级,返虚,伏蜇洞旧支洞，洞候院稳定湿度后允许研究队入内；不作为无许可观光点。,百蜇蜕室: 分候前室·化神 (化神至返虚)；1. 分候前室·化神 → 2. 百壳展廊·化神 → 3. 养身旧池·返虚 → 4. 蜕室封库·返虚,FALSE,区域秘境；未列为大陆重要秘境
万兽大陆,赤砾长原,归路沙廊,四阶段；推荐范围：返虚；未逐阶段单独定级,返虚,旧迁徙石标南侧，沙风退后露出的地下旧商廊；需携带可靠返程标记。,归路沙廊: 乱碑门·返虚 (返虚)；1. 乱碑门·返虚 → 2. 旧驿幻市·返虚 → 3. 断水栈·返虚 → 4. 归路风室·返虚,FALSE,区域秘境；未列为大陆重要秘境
万兽大陆,绮罗烟谷,千结旧织坊,四阶段；推荐范围：金丹至元婴；未逐阶段单独定级,元婴,经纬宫下游废弃工坊，雨季后水退露出检修门；宫与绮罗国确认工契后允许进入。,千结旧织坊: 绊丝门厅·金丹 (金丹至元婴)；1. 绊丝门厅·金丹 → 2. 反织工间·金丹 → 3. 千结吊架·元婴 → 4. 留样密室·元婴,FALSE,区域秘境；未列为大陆重要秘境
万兽大陆,绮罗烟谷,失香花房,四阶段；推荐范围：化神；未逐阶段单独定级,化神,百工巢东侧封存育种花房，采芳院发现季节异常后开启外门。,失香花房: 无香外圃·化神 (化神)；1. 无香外圃·化神 → 2. 错讯暖房·化神 → 3. 逆候花池·化神 → 4. 空授粉室·化神,FALSE,区域秘境；未列为大陆重要秘境
万兽大陆,绮罗烟谷,空巢地院,四阶段；推荐范围：返虚；未逐阶段单独定级,返虚,百工巢西北旧扩建区，地脉工院检测稳固后由检修井进入。,空巢地院: 寂声井·返虚 (返虚)；1. 寂声井·返虚 → 2. 无人分工堂·返虚 → 3. 悬仓菌院·返虚 → 4. 共居主厅·返虚,FALSE,区域秘境；未列为大陆重要秘境
万兽大陆,镜汀泽国,倒汊水府,四阶段；推荐范围：化神至返虚；未逐阶段单独定级,返虚,分汊台以东旧湖底支府，水流异常回转时显出侧门，由回澜府登记勘查。,倒汊水府: 逆流门·化神 (化神至返虚)；1. 逆流门·化神 → 2. 多汊案库·化神 → 3. 蓄压中庭·返虚 → 4. 空府总闸·返虚,FALSE,区域秘境；未列为大陆重要秘境
万兽大陆,镜汀泽国,无月珠庭,四阶段；推荐范围：金丹至元婴；未逐阶段单独定级,元婴,珠汀市外湖湾的废弃育珠庭，无月夜旧遮光阵短暂松开。,无月珠庭: 暗湾阶·金丹 (金丹至元婴)；1. 暗湾阶·金丹 → 2. 映人珠廊·金丹 → 3. 空壳育室·元婴 → 4. 无月藏阁·元婴,FALSE,区域秘境；未列为大陆重要秘境
万兽大陆,镜汀泽国,窄流藏经洞,四阶段；推荐范围：化神；未逐阶段单独定级,化神,镜汀南汊石隙，低水位时由侧流进入，巡流院掌握外围水况。,窄流藏经洞: 细流筛口·化神 (化神)；1. 细流筛口·化神 → 2. 曲身石道·化神 → 3. 多形讲室·化神 → 4. 水纹书床·化神,FALSE,区域秘境；未列为大陆重要秘境
万兽大陆,潮生列湾,沉歌礁馆,四阶段；推荐范围：返虚；未逐阶段单独定级,返虚,珊屏礁外侧内海深槽的旧馆，本地潮流平缓时由群潮庭安排接近。,沉歌礁馆: 共鸣礁门·返虚 (返虚)；1. 共鸣礁门·返虚 → 2. 断句长廊·返虚 → 3. 混潮听室·返虚 → 4. 沉馆藏心·返虚,FALSE,区域秘境；未列为大陆重要秘境
万兽大陆,潮生列湾,干潮旧船坞,四阶段；推荐范围：金丹至元婴；未逐阶段单独定级,元婴,潮生港内海码头西侧旧船坞，本地退潮与检修闸开启时可进入；与高崖虚海泊位分开。,干潮旧船坞: 干坞斜坡·金丹 (金丹至元婴)；1. 干坞斜坡·金丹 → 2. 干湿分舱·金丹 → 3. 停工装配间·元婴 → 4. 旧舟腹仓·元婴,FALSE,区域秘境；未列为大陆重要秘境
万兽大陆,潮生列湾,双界潮闸,四阶段；推荐范围：合体；未逐阶段单独定级,合体,潮生内海外缘岩堤内部封存设施，群潮庭检查到异常后才组织高阶勘查；不是公众航道。,双界潮闸: 承水前闸·合体 (合体)；1. 承水前闸·合体 → 2. 干界隔室·合体 → 3. 临虚封廊·合体 → 4. 双闸共枢·合体,FALSE,区域秘境；未列为大陆重要秘境
沧溟大陆,明珠珊庭,七孔沉歌庭,四阶段；推荐范围：筑基—金丹。；未逐阶段单独定级,金丹,七孔歌庭下方退役声学庭；由侧门缓流井入内。,七孔沉歌庭: 缓流前室 (筑基—金丹。)；1. 缓流前室 → 2. 分声廊 → 3. 沉歌台 → 4. 归声井,FALSE,区域秘境；未列为大陆重要秘境
沧溟大陆,明珠珊庭,旧礁采光窟,四阶段；推荐范围：金丹—元婴。；未逐阶段单独定级,元婴,迎礁圃后方旧礁内部；从废弃养护口进入。,旧礁采光窟: 根礁入口 (金丹—元婴。)；1. 根礁入口 → 2. 折光空腔 → 3. 断梁庭 → 4. 采光天井,FALSE,区域秘境；未列为大陆重要秘境
沧溟大陆,明珠珊庭,珠匣潮藏,四阶段；推荐范围：金丹—元婴。；未逐阶段单独定级,元婴,珠阙城外礁山的旧商会封库；经潮退侧隙到登记门。,珠匣潮藏: 潮隙门 (金丹—元婴。)；1. 潮隙门 → 2. 货契廊 → 3. 浮匣厅 → 4. 验收室,FALSE,区域秘境；未列为大陆重要秘境
沧溟大陆,青绡林海,绡根旧圃,四阶段；推荐范围：炼气—筑基。；未逐阶段单独定级,筑基,轮养九圃边缘的停用试圃；从旧根廊小门进入。,绡根旧圃: 根廊门 (炼气—筑基。)；1. 根廊门 → 2. 阴叶圃 → 3. 旧种架 → 4. 回根口,FALSE,区域秘境；未列为大陆重要秘境
沧溟大陆,青绡林海,留苗回环穴,四阶段；推荐范围：筑基—金丹。；未逐阶段单独定级,金丹,留苗湾外侧海床浅穴；入口位于回流岩环内。,留苗回环穴: 岩环口 (筑基—金丹。)；1. 岩环口 → 2. 卵壳廊 → 3. 失网室 → 4. 归流台,FALSE,区域秘境；未列为大陆重要秘境
沧溟大陆,青绡林海,青绡沉织院,四阶段；推荐范围：金丹—元婴。；未逐阶段单独定级,元婴,绡根城南旧织院岩台内；从已停用货井下降。,青绡沉织院: 沉货井 (金丹—元婴。)；1. 沉货井 → 2. 织机廊 → 3. 染养池 → 4. 工契阁,FALSE,区域秘境；未列为大陆重要秘境
沧溟大陆,千流环廊,三层失锚庭,四阶段；推荐范围：筑基—金丹。；未逐阶段单独定级,金丹,环枢城下方退役锚台；由安全检修桥接近。,三层失锚庭: 检修桥 (筑基—金丹。)；1. 检修桥 → 2. 下锚室 → 3. 中层流孔 → 4. 上层验台,FALSE,区域秘境；未列为大陆重要秘境
沧溟大陆,千流环廊,无标归航隙,四阶段；推荐范围：金丹—元婴。；未逐阶段单独定级,元婴,中央海岭东侧古裂隙；入口藏在废航标后的稳定岩缝。,无标归航隙: 裂隙口 (金丹—元婴。)；1. 裂隙口 → 2. 回声弯 → 3. 滞舟窟 → 4. 归航坡,FALSE,区域秘境；未列为大陆重要秘境
沧溟大陆,千流环廊,寄潮契库,四阶段；推荐范围：金丹—元婴。；未逐阶段单独定级,元婴,三层锚庭旧寄存分库；从共同保管的封库门进入。,寄潮契库: 封签门 (金丹—元婴。)；1. 封签门 → 2. 方言廊 → 3. 移匣室 → 4. 归还台,FALSE,区域秘境；未列为大陆重要秘境
沧溟大陆,寒镜海原,冰底旧灯廊,四阶段；推荐范围：炼气—筑基。；未逐阶段单独定级,筑基,冰下灯市外固定岩廊；入口接安全暖驿。,冰底旧灯廊: 暖驿口 (炼气—筑基。)；1. 暖驿口 → 2. 旧灯廊 → 3. 静眠侧庭 → 4. 出廊井,FALSE,区域秘境；未列为大陆重要秘境
沧溟大陆,寒镜海原,暖谷断泉窟,四阶段；推荐范围：筑基—金丹。；未逐阶段单独定级,金丹,长暖谷边缘旧供暖洞；从停用分水闸进入。,暖谷断泉窟: 分闸室 (筑基—金丹。)；1. 分闸室 → 2. 结垢廊 → 3. 暖泉腔 → 4. 回供庭,FALSE,区域秘境；未列为大陆重要秘境
沧溟大陆,寒镜海原,寒镜层声宫,四阶段；推荐范围：元婴—化神。；未逐阶段单独定级,化神,北部稳定岩台下的古观冰宫；由岩壁旧门进入而非破冰直潜。,寒镜层声宫: 层声门 (元婴—化神。)；1. 层声门 → 2. 叠镜廊 → 3. 封泉内庭 → 4. 沉静阁,FALSE,区域秘境；未列为大陆重要秘境
沧溟大陆,赤烟海脊,熄泉留火坊,四阶段；推荐范围：筑基—金丹。；未逐阶段单独定级,金丹,旧烟柱广场下方退休工坊；经封停货门进入。,熄泉留火坊: 停炉门 (筑基—金丹。)；1. 停炉门 → 2. 工具廊 → 3. 留火室 → 4. 契存阁,FALSE,区域秘境；未列为大陆重要秘境
沧溟大陆,赤烟海脊,赤脊迁庭洞,四阶段；推荐范围：金丹—元婴。；未逐阶段单独定级,元婴,迁庭锚场外旧熔岩管；由勘测标明的稳定侧口进入。,赤脊迁庭洞: 管口台 (金丹—元婴。)；1. 管口台 → 2. 失板廊 → 3. 积热窟 → 4. 归锚门,FALSE,区域秘境；未列为大陆重要秘境
沧溟大陆,赤烟海脊,黑玻璃旧炉心,四阶段；推荐范围：元婴—化神。；未逐阶段单独定级,化神,赤炉山旧侧峰的冷却炉腔；由检修竖井入内。,黑玻璃旧炉心: 黑玻壁 (元婴—化神。)；1. 黑玻壁 → 2. 换热廊 → 3. 旧炉腔 → 4. 排验庭,FALSE,区域秘境；未列为大陆重要秘境
沧溟大陆,初生海床,留生覆纹穴,四阶段；推荐范围：筑基—金丹。；未逐阶段单独定级,金丹,留生湾外缘缓坡浅穴；从既有巡护口进入。,留生覆纹穴: 覆纹口 (筑基—金丹。)；1. 覆纹口 → 2. 幼生窝 → 3. 旧井室 → 4. 留苗门,FALSE,区域秘境；未列为大陆重要秘境
沧溟大陆,初生海床,层纹始生庭,四阶段；推荐范围：化神—返虚；重要秘境。；未逐阶段单独定级,返虚,初生海床层纹坡下方古沉积腔；由受控地层竖孔进入。,层纹始生庭: 层序台 (化神—返虚；重要秘境。)；1. 层序台 → 2. 古群落廊 → 3. 异生泉室 → 4. 共验庭,TRUE,正式总览明确列入重要秘境
沧溟大陆,初生海床,温苗沉档院,四阶段；推荐范围：金丹—元婴。；未逐阶段单独定级,元婴,温苗城旧试养院地下档室；从封停苗架后进入。,温苗沉档院: 苗架门 (金丹—元婴。)；1. 苗架门 → 2. 旧标签廊 → 3. 沉档室 → 4. 验约台,FALSE,区域秘境；未列为大陆重要秘境
沧溟大陆,生海之庭,分泉外廊,四阶段；推荐范围：筑基—金丹。；未逐阶段单独定级,金丹,分泉观台外围旧采样廊；从安全外流台地进入。,分泉外廊: 外流口 (筑基—金丹。)；1. 外流口 → 2. 标尺廊 → 3. 断索台 → 4. 回样门,FALSE,区域秘境；未列为大陆重要秘境
沧溟大陆,生海之庭,无源生海庭,四阶段；推荐范围：化神—返虚；重要秘境。；未逐阶段单独定级,返虚,生海之庭核心边缘可控观测腔；由许可缓流观测孔接近。,无源生海庭: 对照门 (化神—返虚；重要秘境。)；1. 对照门 → 2. 凝水晶廊 → 3. 多源腔 → 4. 归谱台,TRUE,正式总览明确列入重要秘境
沧溟大陆,生海之庭,栖泉旧尺库,四阶段；推荐范围：金丹—元婴。；未逐阶段单独定级,元婴,栖泉集旧观测站岩台内部；经库管封门进入。,栖泉旧尺库: 旧尺门 (金丹—元婴。)；1. 旧尺门 → 2. 错时廊 → 3. 沉尺室 → 4. 公开庭,FALSE,区域秘境；未列为大陆重要秘境
沧溟大陆,幽灯渊城,低光失灯园,四阶段；推荐范围：筑基—金丹。；未逐阶段单独定级,金丹,静水园外侧停养灯种庭；由普通检修水门入内。,低光失灯园: 弱光门 (筑基—金丹。)；1. 弱光门 → 2. 旧灯圃 → 3. 暗流桥 → 4. 复灯庭,FALSE,区域秘境；未列为大陆重要秘境
沧溟大陆,幽灯渊城,沉卷缓压库,四阶段；推荐范围：金丹—元婴。；未逐阶段单独定级,元婴,层卷馆旧馆壁内；经缓压检修舱进入。,沉卷缓压库: 缓压舱 (金丹—元婴。)；1. 缓压舱 → 2. 漂卷廊 → 3. 裂架室 → 4. 验卷台,FALSE,区域秘境；未列为大陆重要秘境
沧溟大陆,幽灯渊城,无眩旧梦庭,四阶段；推荐范围：元婴—化神。；未逐阶段单独定级,化神,照渊书宫外的旧祭存庭；从获许可的侧壁门进入。,无眩旧梦庭: 静声门 (元婴—化神。)；1. 静声门 → 2. 影契廊 → 3. 旧器庭 → 4. 告别台,FALSE,区域秘境；未列为大陆重要秘境
沧溟大陆,垂天海门,升潮旧井,四阶段；推荐范围：筑基—金丹。；未逐阶段单独定级,金丹,双阙港停用升潮井支井；由港务检修门进入。,升潮旧井: 支井门 (筑基—金丹。)；1. 支井门 → 2. 旧导轨 → 3. 换乘舱 → 4. 试载台,FALSE,区域秘境；未列为大陆重要秘境
沧溟大陆,垂天海门,垂天失舷阁,四阶段；推荐范围：金丹—元婴。；未逐阶段单独定级,元婴,外空阙崖内旧接舷阁；从陆侧安全栈道进入。,垂天失舷阁: 陆侧门 (金丹—元婴。)；1. 陆侧门 → 2. 断桥廊 → 3. 旧绞室 → 4. 归舟台,FALSE,区域秘境；未列为大陆重要秘境
沧溟大陆,垂天海门,双阙封舱庭,四阶段；推荐范围：金丹—元婴。；未逐阶段单独定级,元婴,内水阙旧检验舱群；入口为共同封存的验货门。,双阙封舱庭: 验货门 (金丹—元婴。)；1. 验货门 → 2. 隔水舱 → 3. 暗账室 → 4. 归置庭,FALSE,区域秘境；未列为大陆重要秘境
太初大陆,承川盆地,承川旧衡府,四阶段；推荐范围：外围化神，核心返虚；金丹以下可参加堤外档案、测水和后勤。；未逐阶段单独定级,返虚,九堰台下游的废堤基；检修季水位下降后，由河渠署和观岳道院核验上游闸况，经旧工役井进入。,承川旧衡府: 堤脚工道〔化神〕：刻着水位的窄廊 (外围化神，核心返虚；金丹以下可参加堤外档案、测水和后勤。)；1. 堤脚工道〔化神〕：刻着水位的窄廊 → 2. 衡流室〔化神〕：多个水盘仍连着外渠 → 3. 工役簿库〔返虚〕：封存的木简与阵箍 → 4. 旧衡枢〔返虚〕：旧新两层轴座交叠,TRUE,正式总览明确列入重要秘境
太初大陆,承川盆地,桑台藏种圃,四阶段；推荐范围：金丹至元婴；可由熟悉药草的低阶人员在门外处理样本。；未逐阶段单独定级,元婴,承川北缘废桑台；枯枝落尽后可见被旧培育阵遮掩的石门，须经当地渠社确认土地归属。,桑台藏种圃: 桑影外圃〔金丹〕：藤蔓遮蔽畦线 (金丹至元婴；可由熟悉药草的低阶人员在门外处理样本。)；1. 桑影外圃〔金丹〕：藤蔓遮蔽畦线 → 2. 分温苗室〔金丹〕：各间温度不同 → 3. 护圃棚〔元婴〕：守园傀儡巡走 → 4. 留种床〔元婴〕：母株与幼苗共生,FALSE,区域秘境；未列为大陆重要秘境
太初大陆,承川盆地,沉桥石庭,四阶段；推荐范围：元婴至化神。；未逐阶段单独定级,化神,承水旧桥的水下侧门，枯水时由受检小舟接近，须先取得现桥检修人员许可。,沉桥石庭: 沉阶〔元婴〕：河沙盖住阶面 (元婴至化神。)；1. 沉阶〔元婴〕：河沙盖住阶面 → 2. 试拱廊〔元婴〕：数种桥拱并排 → 3. 回水庭〔化神〕：水阵绕石柱奔流 → 4. 匠师室〔化神〕：工具封于稳压台,FALSE,区域秘境；未列为大陆重要秘境
太初大陆,赤屏高原,古索渡场,四阶段；推荐范围：化神至返虚。；未逐阶段单独定级,返虚,百索桥上游废峡口；连续晴日后由负岳庭确认岩面稳定，从封闭旧栈道进入。,古索渡场: 锈索坡〔化神〕：残索挂满崖壁 (化神至返虚。)；1. 锈索坡〔化神〕：残索挂满崖壁 → 2. 分载台〔化神〕：三台共用旧索 → 3. 崖风井〔返虚〕：风从峡底间歇上冲 → 4. 护索库〔返虚〕：旧护具连着张力阵,FALSE,区域秘境；未列为大陆重要秘境
太初大陆,赤屏高原,断契石廊,四阶段；推荐范围：返虚。；未逐阶段单独定级,返虚,风字崖后方封存石廊，见契堂完成外壁勘验后开放；普通盟誓不会自动开门。,断契石廊: 录誓门：石面仍可接受血印 (返虚。)；1. 录誓门：石面仍可接受血印 → 2. 对证廊：两方证物分别陈列 → 3. 履约台：搬运石具的傀儡循环工作 → 4. 解契室：残印维系封门,FALSE,区域秘境；未列为大陆重要秘境
太初大陆,赤屏高原,眠铜矿庭,四阶段；推荐范围：元婴至化神。；未逐阶段单独定级,化神,赤阶城北面封存矿道，由寨民议事署与负岳庭共同准入；邻近祖墓的部分不得擅挖。,眠铜矿庭: 旧轨道〔元婴〕：矿车半埋于碎岩 (元婴至化神。)；1. 旧轨道〔元婴〕：矿车半埋于碎岩 → 2. 铜尘室〔元婴〕：金属细粉悬浮 → 3. 回声矿柱〔化神〕：击声经矿脉传远 → 4. 眠铜庭〔化神〕：有灵矿核正在孕生,FALSE,区域秘境；未列为大陆重要秘境
太初大陆,白汀内海,退潮盐宫,四阶段；推荐范围：化神至返虚。；未逐阶段单独定级,返虚,内海东岸旧盐滩；仅在多年低水位与持续退风叠加时显露，名称“退潮”沿用旧称，并非固定海潮周期。,退潮盐宫: 盐壳前庭〔化神〕：白壳掩盖空洞 (化神至返虚。)；1. 盐壳前庭〔化神〕：白壳掩盖空洞 → 2. 卤渠间〔化神〕：不同浓度的卤水分槽 → 3. 盐秤堂〔返虚〕：秤阵连接封库门 → 4. 盐藏〔返虚〕：部分库墙溶蚀,FALSE,区域秘境；未列为大陆重要秘境
太初大陆,白汀内海,灯下沉舟,四阶段；推荐范围：元婴至化神。；未逐阶段单独定级,化神,环海灯路中段沉船，获听澜宗确认风候后从船艉破口潜入。,灯下沉舟: 缠网船艉〔元婴〕 (元婴至化神。)；1. 缠网船艉〔元婴〕 → 2. 倾斜客舱〔元婴〕 → 3. 救援灯室〔化神〕 → 4. 压舱底库〔化神〕,FALSE,区域秘境；未列为大陆重要秘境
太初大陆,白汀内海,苇口潜泉,四阶段；推荐范围：化神。；未逐阶段单独定级,化神,白芦河口淡水苇洲下的泉洞，低风日循可核实泉流进入，不可按盐宫水位推断开放。,苇口潜泉: 苇根水道：根须覆住洞口 (化神。)；1. 苇根水道：根须覆住洞口 → 2. 双水洞：淡咸水分层 → 3. 护巢岩：水兽在泉口育幼 → 4. 潜泉眼：堵塞石隙连接井群,FALSE,区域秘境；未列为大陆重要秘境
太初大陆,青嶂雨林,雨骨洞,四阶段；推荐范围：元婴至化神。；未逐阶段单独定级,化神,青井镇上游石峰腹地；连续少雨后由巡泉队勘定水位，经落瀑侧洞进入。,雨骨洞: 落瀑侧径〔元婴〕 (元婴至化神。)；1. 落瀑侧径〔元婴〕 → 2. 雨骨林〔元婴〕：石笋密布 → 3. 分泉腹〔化神〕：多支暗流交会 → 4. 石乳台〔化神〕：药苔依泉生长,FALSE,区域秘境；未列为大陆重要秘境
太初大陆,青嶂雨林,旧茶山封圃,四阶段；推荐范围：金丹至元婴。；未逐阶段单独定级,元婴,青嶂山茶旧产区，茶社保管门牌；开茶季前确认无采工滞留后开放查勘。,旧茶山封圃: 茶影路〔金丹〕 (金丹至元婴。)；1. 茶影路〔金丹〕 → 2. 留香棚〔金丹〕 → 3. 催芽台〔元婴〕 → 4. 母茶圃〔元婴〕,FALSE,区域秘境；未列为大陆重要秘境
太初大陆,青嶂雨林,潮根旧栈,四阶段；推荐范围：化神至返虚。；未逐阶段单独定级,返虚,潮根埠崖侧封存货栈，港务与万程院确认外侧岩壁稳定后开门。,潮根旧栈: 断台廊〔化神〕 (化神至返虚。)；1. 断台廊〔化神〕 → 2. 悬货厅〔化神〕 → 3. 留信库〔返虚〕 → 4. 护栈枢〔返虚〕,FALSE,区域秘境；未列为大陆重要秘境
太初大陆,温黎火谷,分火古窑,四阶段；推荐范围：化神至返虚。；未逐阶段单独定级,返虚,百窑坡下层停用炉道，养火宗完成降火与旁路供能后进入。,分火古窑: 冷灰廊〔化神〕 (化神至返虚。)；1. 冷灰廊〔化神〕 → 2. 分火室〔化神〕 → 3. 共烧堂〔返虚〕 → 4. 祖窑基〔返虚〕,FALSE,区域秘境；未列为大陆重要秘境
太初大陆,温黎火谷,黑镜石胎,四阶段；推荐范围：返虚至合体。；未逐阶段单独定级,合体,温黎西侧稳定旧熔岩台的裂洞，候火堂确认冷却层厚度后允许勘采。,黑镜石胎: 黑镜斜廊〔返虚〕 (返虚至合体。)；1. 黑镜斜廊〔返虚〕 → 2. 熔息腔〔返虚〕 → 3. 晶胎层〔合体〕 → 4. 沉火眼〔合体〕,FALSE,区域秘境；未列为大陆重要秘境
太初大陆,温黎火谷,暖泉旧苑,四阶段；推荐范围：元婴至化神。；未逐阶段单独定级,化神,温汤街后山封存疗养院，泉水恢复常态且医修完成检测后开启。,暖泉旧苑: 雾池院〔元婴〕 (元婴至化神。)；1. 雾池院〔元婴〕 → 2. 分汤室〔元婴〕 → 3. 静养阁〔化神〕 → 4. 留泉台〔化神〕,FALSE,区域秘境；未列为大陆重要秘境
太初大陆,长苇泽原,芦下旧邑,四阶段；推荐范围：金丹至元婴。；未逐阶段单独定级,元婴,浮穗城南旧聚落，退水期从旧城门高台进入；涨水窗口前必须撤离。,芦下旧邑: 泥门道〔金丹〕 (金丹至元婴。)；1. 泥门道〔金丹〕 → 2. 浮仓街〔金丹〕 → 3. 堤神祠〔元婴〕 → 4. 社藏室〔元婴〕,FALSE,区域秘境；未列为大陆重要秘境
太初大陆,长苇泽原,百根水庭,四阶段；推荐范围：化神。；未逐阶段单独定级,化神,归鸟汀深处根系围成的水下空庭，由荷照说明季节变化，实际进入仍需自备防护。,百根水庭: 根桥口 (化神。)；1. 根桥口 → 2. 花粉穹 → 3. 伏鱼池 → 4. 共根床,FALSE,区域秘境；未列为大陆重要秘境
太初大陆,长苇泽原,南泄古闸,四阶段；推荐范围：返虚。；未逐阶段单独定级,返虚,南泄口下层旧闸室，仅在上游停放水、下游窗口核实后进入。,南泄古闸: 检修井 (返虚。)；1. 检修井 → 2. 双闸室 → 3. 沉沙堂 → 4. 旧泄枢,FALSE,区域秘境；未列为大陆重要秘境
太初大陆,大风原,七井旧驿,四阶段；推荐范围：金丹至元婴。；未逐阶段单独定级,元婴,七井古道的废弃支驿，经万程院确认屋基与水井后从院门进入；院后深层工道平时封闭。,七井旧驿: 沙院〔金丹〕 (金丹至元婴。)；1. 沙院〔金丹〕 → 2. 驮棚〔金丹〕 → 3. 引井道〔元婴〕 → 4. 寄藏室〔元婴〕,FALSE,区域秘境；未列为大陆重要秘境
太初大陆,大风原,风蚀鸣谷,四阶段；推荐范围：化神至返虚。；未逐阶段单独定级,返虚,大风原北部砾石谷，风季间歇窗口从背风坡进入。,风蚀鸣谷: 鸣石口〔化神〕 (化神至返虚。)；1. 鸣石口〔化神〕 → 2. 旋砂坡〔化神〕 → 3. 回音台〔返虚〕 → 4. 谷心石穴〔返虚〕,FALSE,区域秘境；未列为大陆重要秘境
太初大陆,大风原,枯泉牧庭,四阶段；推荐范围：元婴至化神。；未逐阶段单独定级,化神,归牧坡以北旧泉台，部盟核实归属后由外圈牧道进入。,枯泉牧庭: 旧围场〔元婴〕 (元婴至化神。)；1. 旧围场〔元婴〕 → 2. 药浴槽〔元婴〕 → 3. 分泉盘〔化神〕 → 4. 旧泉室〔化神〕,FALSE,区域秘境；未列为大陆重要秘境
太初大陆,叠岳古壑,叠岳地脉遗枢,四阶段；推荐范围：外围返虚，核心合体。石望川可协助到外部补给点，随后须止步或依实际防护另行判断。；未逐阶段单独定级,合体,照层壁下方深壑，由源山别院完成外围勘查后沿旧检修竖道进入；需合体级核心探索能力和返虚以上协作，不能由低阶向导包办安全。,叠岳地脉遗枢: 层壁竖道〔返虚〕 (外围返虚，核心合体。石望川可协助到外部补给点，随后须止步或依实际防护另行判断。)；1. 层壁竖道〔返虚〕 → 2. 旁释廊〔返虚〕 → 3. 叠枢台〔合体〕 → 4. 源隙观台〔合体〕,TRUE,正式总览明确列入重要秘境
太初大陆,叠岳古壑,雪线藏庐,四阶段；推荐范围：元婴至化神。；未逐阶段单独定级,化神,问源关上游旧修路者石庐，开山季积雪退后从背风门进入，庐后封存廊只对完成现场评估者开放。,雪线藏庐: 冰门坡〔元婴〕 (元婴至化神。)；1. 冰门坡〔元婴〕 → 2. 冬居室〔元婴〕 → 3. 藏图廊〔化神〕 → 4. 留路石室〔化神〕,FALSE,区域秘境；未列为大陆重要秘境
太初大陆,叠岳古壑,悬泉冰窟,四阶段；推荐范围：化神至返虚。；未逐阶段单独定级,返虚,悬泉栈下侧冰洞，融雪稳定期由邵留霜与云绻的观测资料辅助判断窗口，不能只凭云绻心情开洞。,悬泉冰窟: 冰瀑缘〔化神〕 (化神至返虚。)；1. 冰瀑缘〔化神〕 → 2. 空心冰桥〔化神〕 → 3. 悬泉室〔返虚〕 → 4. 测泉底台〔返虚〕,FALSE,区域秘境；未列为大陆重要秘境
